[
  {
    "title": "Eli Lilly shares surge on new obesity pill data. What it means for the stock from here",
    "url": "https://www.cnbc.com/2025/04/17/eli-lilly-shares-surge-on-new-obesity-pill-data-what-it-means-for-the-stock-from-here.html",
    "source": "CNBC",
    "timestamp": "2025-04-17T15:35:54.647508"
  },
  {
    "title": "Taiwan Semiconductor posted an earnings beat. What analysts are saying",
    "url": "https://www.cnbc.com/2025/04/17/taiwan-semiconductor-posted-a-first-quarter-earnings-beat-heres-what-analysts-are-saying.html",
    "source": "CNBC",
    "timestamp": "2025-04-17T15:35:54.647611"
  },
  {
    "title": "Better than 401k?: The move to get workers real long-term ownership in companies",
    "url": "https://www.cnbc.com/2025/04/17/better-than401k-companies-workers-long-term-stock-owners.html",
    "source": "CNBC",
    "timestamp": "2025-04-17T15:35:54.647672"
  },
  {
    "title": "CNBC Sport: Trump\u2019s economic policy impedes media industry progress",
    "url": "https://www.cnbc.com/2025/04/17/cnbc-sport-trumps-economic-policy-impedes-media-industry-progress.html",
    "source": "CNBC",
    "timestamp": "2025-04-17T15:35:54.647732"
  },
  {
    "title": "Markets will 'crash' if Trump can fire Fed's Powell, Elizabeth Warren warns",
    "url": "https://www.cnbc.com/2025/04/17/markets-will-crash-if-trump-can-fire-feds-powell-elizabeth-warren-warns.html",
    "source": "CNBC",
    "timestamp": "2025-04-17T15:35:54.647788"
  },
  {
    "title": "UnitedHealth's guidance cut may mean trouble for some insurers",
    "url": "https://www.cnbc.com/2025/04/17/unitedhealths-guidance-cut-may-mean-trouble-for-more-insurers.html",
    "source": "CNBC",
    "timestamp": "2025-04-17T15:35:54.647843"
  },
  {
    "title": "Netflix reports earnings after the bell. Using options to trade the streamer",
    "url": "https://www.cnbc.com/2025/04/17/netflix-reports-earnings-after-the-bell-using-options-to-trade-the-streaming-giant.html",
    "source": "CNBC",
    "timestamp": "2025-04-17T15:35:54.647898"
  },
  {
    "title": "New report: The 10 U.S. cities where rent is the most affordable",
    "url": "https://www.cnbc.com/2025/04/17/wallethub-cities-most-affordable-rent.html",
    "source": "CNBC",
    "timestamp": "2025-04-17T15:35:54.647969"
  },
  {
    "title": "Judge finds Google holds illegal online ad tech monopolies",
    "url": "https://www.cnbc.com/2025/04/17/judge-finds-google-holds-illegal-online-ad-tech-monopolies.html",
    "source": "CNBC",
    "timestamp": "2025-04-17T15:35:54.648022"
  },
  {
    "title": "WNBA champion Sabrina Ionescu once had to recruit her own basketball team",
    "url": "https://www.cnbc.com/2025/04/17/wnba-star-sabrina-ionescu-once-had-to-recruit-her-own-basketball-team.html",
    "source": "CNBC",
    "timestamp": "2025-04-17T15:35:54.648074"
  },
  {
    "title": "What Powell's warning on Wednesday means for markets going forward",
    "url": "https://www.cnbc.com/2025/04/17/what-powells-warning-on-wednesday-means-for-markets-going-forward.html",
    "source": "CNBC",
    "timestamp": "2025-04-17T15:35:54.648125"
  },
  {
    "title": "Jim Cramer's top 10 things to watch in the stock market Thursday",
    "url": "https://www.cnbc.com/2025/04/17/jim-cramers-top-10-things-to-watch-in-the-stock-market-thursday.html",
    "source": "CNBC",
    "timestamp": "2025-04-17T15:35:54.648183"
  },
  {
    "title": "Financial therapist: This common issue can lead to a \u2018fear of success\u2019",
    "url": "https://www.cnbc.com/2025/04/17/financial-therapist-this-common-issue-can-lead-to-a-fear-of-success.html",
    "source": "CNBC",
    "timestamp": "2025-04-17T15:35:54.648236"
  },
  {
    "title": "23andMe bankruptcy under congressional investigation for customer data",
    "url": "https://www.cnbc.com/2025/04/17/23andme-bankruptcy-investigation-genetic-data-congress.html",
    "source": "CNBC",
    "timestamp": "2025-04-17T15:35:54.648286"
  },
  {
    "title": "Netflix co-founder: Why we turned down Jeff Bezos' early acquisition offer",
    "url": "https://www.cnbc.com/2025/04/17/netflix-co-founder-why-we-turned-down-jeff-bezos-early-acquisition-offer.html",
    "source": "CNBC",
    "timestamp": "2025-04-17T15:35:54.648337"
  },
  {
    "title": "Citi says buy power generator with a successful track record of managing tariffs",
    "url": "https://www.cnbc.com/2025/04/17/citi-says-buy-power-generator-with-successful-record-of-managing-tariffs.html",
    "source": "CNBC",
    "timestamp": "2025-04-17T15:35:54.648389"
  },
  {
    "title": "OpenAI looked at buying Cursor developer before turning to coding rival Windsurf",
    "url": "https://www.cnbc.com/2025/04/17/openai-looked-at-cursor-before-considering-deal-with-rival-windsurf.html",
    "source": "CNBC",
    "timestamp": "2025-04-17T15:35:54.648440"
  },
  {
    "title": "Thursday's biggest analyst calls: Nvidia, Netflix, Apple, Microsoft and more",
    "url": "https://www.cnbc.com/2025/04/17/thursdays-big-stock-calls-from-analysts-on-wall-street.html",
    "source": "CNBC",
    "timestamp": "2025-04-17T15:35:54.648491"
  },
  {
    "title": "Could India be a hedge against trade wars and tariffs?",
    "url": "https://www.cnbc.com/2025/04/17/could-india-be-a-hedge-against-trade-wars-and-tariffs.html",
    "source": "CNBC",
    "timestamp": "2025-04-17T15:35:54.648551"
  },
  {
    "title": "Turkey's central bank surprises with 350-basis-point rate hike",
    "url": "https://www.cnbc.com/2025/04/17/turkeys-central-bank-surprises-with-350-basis-point-rate-hike.html",
    "source": "CNBC",
    "timestamp": "2025-04-17T15:35:54.648603"
  },
  {
    "title": "Stocks making the biggest moves premarket: Hertz, UnitedHealth and more",
    "url": "https://www.cnbc.com/2025/04/17/stocks-making-the-biggest-moves-premarket-htz-unh-lly.html",
    "source": "CNBC",
    "timestamp": "2025-04-17T15:35:54.648653"
  },
  {
    "title": "5 things to know before the stock market opens Thursday",
    "url": "https://www.cnbc.com/2025/04/17/5-things-to-know-before-the-stock-market-opens-thursday-april-17.html",
    "source": "CNBC",
    "timestamp": "2025-04-17T15:35:54.648704"
  },
  {
    "title": "UBS cuts price targets on two semiconductor giants",
    "url": "https://www.cnbc.com/2025/04/17/ubs-cuts-price-targets-on-two-semiconductor-giants.html",
    "source": "CNBC",
    "timestamp": "2025-04-17T15:35:54.648754"
  },
  {
    "title": "Rebalance Time? Which P/E? How to build a position? We have answers to all three",
    "url": "https://www.cnbc.com/2025/04/17/rebalance-time-which-p/e-how-to-build-a-position-answers-to-all-3-questions.html",
    "source": "CNBC",
    "timestamp": "2025-04-17T15:35:54.648805"
  },
  {
    "title": "Russia escaped tariffs, but the Kremlin says a global trade war will hurt it too",
    "url": "https://www.cnbc.com/2025/04/17/russias-kremlin-says-it-would-suffer-from-a-global-trade-war.html",
    "source": "CNBC",
    "timestamp": "2025-04-17T15:35:54.648856"
  },
  {
    "title": "Target CEO Cornell to meet with Sharpton over DEI rollback",
    "url": "https://www.cnbc.com/2025/04/17/target-ceo-to-meet-with-al-sharpton-after-dei-rollback.html",
    "source": "CNBC",
    "timestamp": "2025-04-17T15:35:54.648907"
  },
  {
    "title": "Trump's tariffs are 'inviting corruption,' Democrats tell Bessent, Lutnick",
    "url": "https://www.cnbc.com/2025/04/17/trump-tariffs-warren-bessent-lutnick-democrats.html",
    "source": "CNBC",
    "timestamp": "2025-04-17T15:35:54.648959"
  },
  {
    "title": "Trump again calls for Fed to cut rates, says Powell\u2019s \u2018termination cannot come fast enough\u2019",
    "url": "https://www.cnbc.com/2025/04/17/trump-again-calls-for-fed-to-cut-rates-says-powells-termination-cannot-come-fast-enough.html",
    "source": "CNBC",
    "timestamp": "2025-04-17T15:35:54.649011"
  },
  {
    "title": "Eli Lilly's weight loss pill succeeds in first late-stage trial in diabetes",
    "url": "https://www.cnbc.com/2025/04/17/eli-lilly-weight-loss-pill-orforglipron-clears-first-late-stage-trial.html",
    "source": "CNBC",
    "timestamp": "2025-04-17T15:35:54.649061"
  },
  {
    "title": "TSMC denies it's talking to Intel about chipmaking joint venture",
    "url": "https://www.cnbc.com/2025/04/17/tsmc-denies-its-talking-to-intel-about-chip-making-joint-venture.html",
    "source": "CNBC",
    "timestamp": "2025-04-17T15:35:54.649112"
  }
]