[
  {
    "topic": "global economy",
    "title": "World economy",
    "url": "https://en.wikipedia.org/wiki/World_economy",
    "snippet": "The world economy or global economy is the economy of all humans in the world, referring to the global economic system.",
    "source": "Wikipedia"
  },
  {
    "topic": "global economy",
    "title": "Global economy, world economy | TheGlobalEconomy.com",
    "url": "https://www.theglobaleconomy.com/",
    "snippet": "Information on the global economy with data on over 400 indicators, updated regularly, for over 200 countries as well as interactive tools, articles, ...",
    "source": "Global economy, world economy | TheGlobalEconomy.com"
  },
  {
    "topic": "global economy",
    "title": "Global Economy",
    "url": "https://www.ft.com/global-economy",
    "snippet": "News and top stories on the state of the global economy. The latest economic data, reports and updates from countries around the world, on jobs, trade, ...",
    "source": "Financial Times"
  },
  {
    "topic": "global economy",
    "title": "World Economic Outlook - All Issues",
    "url": "https://www.imf.org/en/Publications/WEO",
    "snippet": "Description: The January 2023 World Economic Outlook Update projects that global growth will fall to 2.9 percent in 2023 but rise to 3.1 percent in 2024. The ...",
    "source": "International Monetary Fund"
  },
  {
    "topic": "global economy",
    "title": "How does the global economy work?",
    "url": "https://www.edology.com/blog/accounting-finance/how-does-global-economy-work/",
    "snippet": "The global economy refers to the interconnected worldwide economic activities that take place between multiple countries. These economic activities can have ...",
    "source": "Edology"
  },
  {
    "topic": "global economy",
    "title": "Global Economic Prospects",
    "url": "https://www.worldbank.org/en/publication/global-economic-prospects",
    "snippet": "Global growth is expected to hold steady at 2.7 percent in 2025-26. However, the global economy appears to be settling at a low growth rate.",
    "source": "World Bank"
  },
  {
    "topic": "global economy",
    "title": "US trade policy turmoil shakes the global economy, and ...",
    "url": "https://www.weforum.org/stories/2025/04/us-trade-policy-turmoil-shakes-the-global-economy-and-other-key-economic-news-to-know/",
    "snippet": "The announcement of sweeping US tariffs on 2 April threw global trade turmoil into sharper relief, and sent markets reeling.",
    "source": "The World Economic Forum"
  },
  {
    "topic": "global economy",
    "title": "Global economy under pressure could slow to 2.3% ...",
    "url": "https://unctad.org/news/global-economy-under-pressure-could-slow-23-signals-un-trade-and-development",
    "snippet": "The world economy is on a recessionary trajectory, driven by escalating trade tensions and persistent uncertainty, UN Trade and Development ( ...",
    "source": "UN Trade and Development (UNCTAD)"
  },
  {
    "topic": "geopolitical tensions",
    "title": "Top Geopolitical Risks of 2025",
    "url": "https://www.spglobal.com/en/research-insights/market-insights/geopolitical-risk",
    "snippet": "The world is changing. Geopolitical fragmentation is being fueled by COVID-19, the war in Ukraine, U.S.-China relations and more.",
    "source": "S&P Global"
  },
  {
    "topic": "geopolitical tensions",
    "title": "How are geopolitical risks affecting the world economy?",
    "url": "https://www.economicsobservatory.com/how-are-geopolitical-risks-affecting-the-world-economy",
    "snippet": "Geopolitical risks posed by elections, polarisation and conflicts within and between states have inevitable knock-on effects on the economy, both globally and ...",
    "source": "Economics Observatory"
  },
  {
    "topic": "geopolitical tensions",
    "title": "How Geopolitical Risks Influence the Global Community",
    "url": "https://geopoliticalfutures.com/risk/",
    "snippet": "Geopolitical risks are defined as the potential political, economic, military, and social risks that can emerge from a nation's involvement in international ...",
    "source": "Geopolitical Futures"
  },
  {
    "topic": "geopolitical tensions",
    "title": "Geopolitical Risk Dashboard | BlackRock Investment Institute",
    "url": "https://www.blackrock.com/corporate/insights/blackrock-investment-institute/interactive-charts/geopolitical-risk-dashboard",
    "snippet": "Tensions escalate meaningfully over Taiwan or in the South China Sea. High, U.S.-China military tensions are poised to escalate, in our view.",
    "source": "blackrock.com"
  },
  {
    "topic": "geopolitical tensions",
    "title": "Geopolitical tensions - (AP World History",
    "url": "https://library.fiveable.me/key-terms/ap-world/geopolitical-tensions",
    "snippet": "Geopolitical tensions refer to conflicts and rivalries between nations or regions that arise from their geographical, political, and economic interests.",
    "source": "Fiveable Library"
  },
  {
    "topic": "geopolitical tensions",
    "title": "Beyond borders: Assessing the influence of Geopolitical ...",
    "url": "https://www.sciencedirect.com/science/article/pii/S0176268024000521",
    "snippet": "We find that geopolitical tensions and global uncertainty in border countries contribute to the rise of European country's sovereign risk.",
    "source": "ScienceDirect.com"
  },
  {
    "topic": "geopolitical tensions",
    "title": "Geopolitical conflict and its impact on global markets",
    "url": "https://www.usbank.com/investing/financial-perspectives/market-news/russia-ukraine-global-market.html",
    "snippet": "Increasing global tensions tied to trade tensions and ongoing geopolitical conflicts contributed to investor uncertainty about near-term ...",
    "source": "U.S. Bank"
  },
  {
    "topic": "geopolitical tensions",
    "title": "Geopolitical Monitor",
    "url": "https://www.geopoliticalmonitor.com/",
    "snippet": "This week we cover the prospect of Beijing backing down in the US-China trade war; Brazil's tariff preparations; trouble in the Armenia-Azerbaijan peace process ...",
    "source": "Geopolitical Monitor"
  },
  {
    "topic": "geopolitical tensions",
    "title": "Growing geopolitical tensions underscore the need for ...",
    "url": "https://www.iea.org/commentaries/growing-geopolitical-tensions-underscore-the-need-for-stronger-action-on-critical-minerals-security",
    "snippet": "Rising geopolitical tensions are posing growing risks to critical mineral supplies. A wide range of export control measures on critical minerals ...",
    "source": "IEA \u2013 International Energy Agency"
  },
  {
    "topic": "crypto adoption",
    "title": "2024 Global Crypto Adoption Index",
    "url": "https://www.chainalysis.com/blog/2024-global-crypto-adoption-index/",
    "snippet": "In each year's report, we look at both on- and off-chain data to determine which countries are leading the world in grassroots crypto adoption.",
    "source": "Chainalysis"
  },
  {
    "topic": "crypto adoption",
    "title": "2025 Cryptocurrency Adoption and Consumer Sentiment ...",
    "url": "https://www.security.org/digital-security/cryptocurrency-annual-consumer-report/",
    "snippet": "We conducted our annual cryptocurrency study to see what Americans think about cryptocurrency adoption, regulation, and security at the start of 2025.",
    "source": "Security.org"
  },
  {
    "topic": "crypto adoption",
    "title": "The 2023 Global Crypto Adoption Index",
    "url": "https://www.chainalysis.com/blog/2023-global-crypto-adoption-index/",
    "snippet": "The goal of the index is simple: We combine on-chain data and real-world data to measure which countries are leading the world in grassroots crypto adoption.",
    "source": "Chainalysis"
  },
  {
    "topic": "crypto adoption",
    "title": "2024 Crypto Adoption and Illicit Exposure Report",
    "url": "https://www.trmlabs.com/resources/reports/2024-crypto-adoption-and-illicit-activity-report",
    "snippet": "The 2024 Crypto Adoption and Illicit Exposure Report report examines the shifts and trends shaping cryptocurrency adoption around the world.",
    "source": "TRM Labs"
  },
  {
    "topic": "crypto adoption",
    "title": "Crypto Adoption Index | Crypto Wealth Report",
    "url": "https://www.henleyglobal.com/publications/crypto-wealth-report/crypto-adoption-index",
    "snippet": "The Crypto Adoption Index assesses investment migration options for crypto investors who want to craft a portfolio of alternative residence permits and ...",
    "source": "Henley & Partners"
  },
  {
    "topic": "crypto adoption",
    "title": "Economic freedom or crypto-colonialism? Materialities of ...",
    "url": "https://www.sciencedirect.com/science/article/abs/pii/S0016718524000411",
    "snippet": "On September 7th, 2021, El Salvador became the first nation in the world to adopt Bitcoin as legal tender, opening up its rapidly developing coast to a new form ...",
    "source": "ScienceDirect.com"
  },
  {
    "topic": "crypto adoption",
    "title": "Digital currency payments and merchant adoption survey",
    "url": "https://www2.deloitte.com/us/en/pages/consulting/articles/digital-currency-payments-merchant-adoption-survey.html",
    "snippet": "Explore digital currency payments with retailers in this digital currency merchant adoption survey to discover why more businesses accept cryptocurrency.",
    "source": "Deloitte"
  },
  {
    "topic": "crypto adoption",
    "title": "Cryptocurrency Ownership Data - Triple-A",
    "url": "https://www.triple-a.io/cryptocurrency-ownership-data/cryptocurrency-ownership-data",
    "snippet": "As of 2024, we estimated global cryptocurrency ownership rates at an average of 6.8%, with over 560 million cryptocurrencies users worldwide.",
    "source": "triple-a.io"
  },
  {
    "topic": "crypto ban",
    "title": "Legality of cryptocurrency by country or territory",
    "url": "https://en.wikipedia.org/wiki/Legality_of_cryptocurrency_by_country_or_territory",
    "snippet": "Afghanistan. Illegal. In August 2022 Taliban banned trading in cryptocurrencies. ; Kyrgyzstan. Legal. Bitcoin is considered a commodity, not a security or ...",
    "source": "Wikipedia"
  },
  {
    "topic": "crypto ban",
    "title": "China Quietly Liquidates Seized Crypto Amid Ban, Fueling ...",
    "url": "https://www.cryptoninjas.net/news/china-quietly-liquidates-seized-crypto-amid-ban-fueling-1-4b-public-revenue-surge/",
    "snippet": "Chinese local governments are offloading seized Bitcoin worth over $1.4 billion through private firms.",
    "source": "CryptoNinjas"
  },
  {
    "topic": "crypto ban",
    "title": "Crypto Tracing, China's Crypto Ban, and Potential Global ...",
    "url": "https://www.thinkbrg.com/thinkset/ts-crypto-tracing-china-crypto-ban-global-regulation/",
    "snippet": "China has taken a particularly tough stance, banning cryptocurrency exchanges and ICOs in 2017. However, some reports suggest that the country is now exploring ...",
    "source": "BRG"
  },
  {
    "topic": "crypto ban",
    "title": "China selling seized crypto to top up coffers as economy ...",
    "url": "https://cointelegraph.com/news/china-selling-seized-crypto-top-up-coffers-reuters",
    "snippet": "Reuters reports local governments in China are using private companies to sell seized crypto, going against the country's trading ban.",
    "source": "Cointelegraph"
  },
  {
    "topic": "crypto ban",
    "title": "10 Countries Where Crypto Remains Banned in 2025",
    "url": "https://www.ccn.com/education/crypto/10-countries-where-crypto-remains-banned/",
    "snippet": "10 Countries Where Crypto Remains Banned in 2025 \u00b7 1. China \u00b7 2. Egypt \u00b7 3. Algeria \u00b7 4. Bangladesh \u00b7 5. Nepal \u00b7 6. Afghanistan \u00b7 7. Morocco \u00b7 8 ...",
    "source": "CCN.com"
  },
  {
    "topic": "crypto ban",
    "title": "Banano price today, BAN to USD live price, marketcap ...",
    "url": "https://coinmarketcap.com/currencies/banano/",
    "snippet": "The live Banano price today is $0.001276 USD with a 24-hour trading volume of $2944.83 USD. We update our BAN to USD price in real-time.",
    "source": "CoinMarketCap"
  },
  {
    "topic": "crypto ban",
    "title": "Proposed US Blockchain Integrity Act would ban crypto mixers ...",
    "url": "http://foster.house.gov/media/in-the-news/cointelegraph-proposed-us-blockchain-integrity-act-would-ban-crypto-mixers-2",
    "snippet": "The bill would temporarily prohibit financial institutions, including cryptocurrency exchanges, virtual asset service providers and any other ...",
    "source": "Congressman Bill Foster (.gov)"
  },
  {
    "topic": "crypto regulation",
    "title": "Cryptocurrency Regulation: A Guide to U.S. & Global Policies",
    "url": "https://www.britannica.com/money/cryptocurrency-regulation",
    "snippet": "Regulations for crypto are the legal and procedural frameworks that governments enact to shape many different aspects of digital assets. Cryptocurrency ...",
    "source": "Britannica"
  },
  {
    "topic": "crypto regulation",
    "title": "Crypto Task Force",
    "url": "https://www.sec.gov/about/crypto-task-force",
    "snippet": "The Crypto Task Force will help to draw clear regulatory lines, appropriately distinguish securities from non-securities, craft tailored disclosure frameworks, ...",
    "source": "SEC.gov"
  },
  {
    "topic": "crypto regulation",
    "title": "Regulating crypto: Why, how, and who | ...",
    "url": "https://www.brookings.edu/collection/regulating-crypto-why-how-and-who/",
    "snippet": "Allen cautioned against bringing crypto into the regulatory system for fear of giving investors false guarantees around the quality of these assets and markets.",
    "source": "Brookings"
  },
  {
    "topic": "crypto regulation",
    "title": "Recent Developments Raise Significant Questions about ...",
    "url": "https://www.moneylaunderingnews.com/2025/03/recent-developments-raise-significant-questions-about-the-future-of-regulation-and-enforcement-of-cryptocurrency/",
    "snippet": "Clearing Agencies and Transfer Agents: The Task Force hopes to improve the intersection of crypto, clearing agency and transfer rules.",
    "source": "Money Laundering Watch"
  },
  {
    "topic": "crypto regulation",
    "title": "How are Cryptocurrencies Regulated in the U.S. and the EU?",
    "url": "https://www.dowjones.com/professional/risk/glossary/cryptocurrency/us-eu-regulation/",
    "snippet": "Many countries are starting to collect taxes on capital gains and crack down on financial crimes in the cryptocurrency space.",
    "source": "dowjones.com"
  },
  {
    "topic": "crypto regulation",
    "title": "Digital assets | Internal Revenue Service",
    "url": "https://www.irs.gov/filing/digital-assets",
    "snippet": "You may have to report transactions with digital assets such as cryptocurrency and non fungible tokens (NFTs) on your tax return.",
    "source": "IRS (.gov)"
  },
  {
    "topic": "SEC ruling crypto",
    "title": "Crypto Assets",
    "url": "https://www.sec.gov/securities-topics/crypto-assets",
    "snippet": "To settle the SEC's charges, Nexo agreed to pay a $22.5 million penalty and cease its unregistered offer and sale of the EIP to U.S. investors. 1/19/2023. SEC v ...",
    "source": "SEC.gov"
  },
  {
    "topic": "SEC ruling crypto",
    "title": "Crypto Task Force",
    "url": "https://www.sec.gov/about/crypto-task-force",
    "snippet": "The Crypto Task Force seeks to provide clarity on the application of the federal securities laws to the crypto asset market and to recommend practical policy ...",
    "source": "SEC.gov"
  },
  {
    "topic": "SEC ruling crypto",
    "title": "Offerings and Registrations of Securities in the Crypto ...",
    "url": "https://www.sec.gov/newsroom/speeches-statements/cf-crypto-securities-041025",
    "snippet": "SEC rules require a discussion of the material factors that make an investment in the registrant or the offering speculative or risky.[14] In ...",
    "source": "SEC.gov"
  },
  {
    "topic": "SEC ruling crypto",
    "title": "SEC Withdraws from Prominent Crypto Enforcement Amid ...",
    "url": "https://www.consumerfinanceandfintechblog.com/2025/02/sec-withdraws-from-prominent-crypto-enforcement-amid-regulatory-shift/",
    "snippet": "The SEC filed its enforcement action against Coinbase in June 2023 under former-Chair Gary Gensler, alleging that the crypto platform violated ...",
    "source": "Consumer Finance and Fintech Blog"
  },
  {
    "topic": "SEC ruling crypto",
    "title": "Cyber, Crypto Assets and Emerging Technology",
    "url": "https://www.sec.gov/about/divisions-offices/division-enforcement/cyber-crypto-assets-emerging-technology",
    "snippet": "The SEC's Crypto Task Force seeks to help the Commission provide clarity on the application of the federal securities laws to the crypto asset ...",
    "source": "SEC.gov"
  },
  {
    "topic": "SEC ruling crypto",
    "title": "SEC Says Bitcoin is NOT a Security | Cryptocurrency Law",
    "url": "https://gordonlaw.com/learn/sec-says-bitcoin-not-security/",
    "snippet": "The U.S. Securities and Exchange Commission declared that Bitcoin is not a security. Jump in to learn more about the decision and its industry impact.",
    "source": "Gordon Law Group"
  },
  {
    "topic": "SEC ruling crypto",
    "title": "SEC repeals controversial crypto accounting rules for banks",
    "url": "https://bankingjournal.aba.com/2025/01/sec-repeals-controversial-crypto-accounting-rules-for-banks/",
    "snippet": "SAB 121, published in 2022, required SEC registrants to record an obligation to safeguard the crypto assets that they hold at the fair value of ...",
    "source": "ABA Banking Journal"
  },
  {
    "topic": "SEC ruling crypto",
    "title": "SEC Declares Bitcoin and Ether as Non-Securities - Cassels",
    "url": "https://cassels.com/insights/sec-declares-bitcoin-and-ether-as-non-securities/",
    "snippet": "William Hinman (Hinman), announced that the commission would not be treating Ether or Bitcoin as securities.",
    "source": "cassels.com"
  },
  {
    "topic": "SEC ruling crypto",
    "title": "SEC revokes unpopular banking rule that blocked Wall ...",
    "url": "https://www.cnbc.com/2025/01/24/sec-revokes-unpopular-banking-rule-that-blocked-wall-street-banks-from-adopting-crypto.html",
    "snippet": "The US Securities and Exchange Commission has rescinded an accounting rule that forced banks to treat bitcoin and other tokens as a liability on their balance ...",
    "source": "CNBC"
  },
  {
    "topic": "court decision cryptocurrency",
    "title": "Supreme Court turns down plea for cryptocurrency ...",
    "url": "https://m.economictimes.com/markets/cryptocurrency/supreme-court-turns-down-plea-for-cryptocurrency-regulations/articleshow/120338670.cms",
    "snippet": "The Supreme Court on Wednesday refused to examine a plea seeking a regulatory framework on cryptocurrencies and said it couldn't \"lay down ...",
    "source": "The Economic Times"
  },
  {
    "topic": "court decision cryptocurrency",
    "title": "Crypto in the Courts: Five Cases Reshaping Digital Asset ...",
    "url": "https://katten.com/crypto-in-the-courts-five-cases-reshaping-digital-asset-regulation-in-2025",
    "snippet": "This article examines five cases that may define the future of digital asset regulation in the United States and sets out the issues at stake in those cases.",
    "source": "Katten Muchin Rosenman LLP"
  },
  {
    "topic": "court decision cryptocurrency",
    "title": "Third Circuit Coinbase Decision Pressures SEC on Crypto ...",
    "url": "https://www.ropesgray.com/en/insights/alerts/2025/01/third-circuit-coinbase-decision-pressures-sec-on-crypto-rulemaking",
    "snippet": "Court's Findings \u00b7 The SEC's disagreement with Coinbase on the application of existing securities laws to digital assets was not well-reasoned.",
    "source": "Ropes & Gray LLP"
  },
  {
    "topic": "court decision cryptocurrency",
    "title": "Cryptocurrency, Sweepstakes, and the Supreme Court",
    "url": "https://www.consumerfinancialserviceslawmonitor.com/2024/05/cryptocurrency-sweepstakes-and-the-supreme-court-a-tale-of-two-contracts/",
    "snippet": "The decision teaches a cautionary lesson that parties with multiple contracts between them must keep issues of arbitrability consistent between the contracts.",
    "source": "Consumer Financial Services Law Monitor"
  },
  {
    "topic": "court decision cryptocurrency",
    "title": "Court Publishes Decision on Mandatory Arbitration Provisions ...",
    "url": "https://consumerlaw.berkeley.edu/news/court-publishes-decision-mandatory-arbitration-provisions-crypto-industry-and-beyond",
    "snippet": "The opinion establishes a clear blueprint for how to successfully bring claims against abusive cryptocurrency companies for violating consumer ...",
    "source": "Center for Consumer Law & Economic Justice"
  },
  {
    "topic": "court decision cryptocurrency",
    "title": "The DAO of Liability \u2013 Court Finds Crypto-Holding ...",
    "url": "https://www.duanemorris.com/alerts/the_dao_liability_court_finds_crypto_holding_community_partnership_under_california_law_1124.html",
    "snippet": "The decision is consistent with the SEC's position that DAO status does not exempt entities from securities registration requirements.",
    "source": "Duane Morris LLP"
  },
  {
    "topic": "court decision cryptocurrency",
    "title": "precedential",
    "url": "https://www2.ca3.uscourts.gov/opinarch/233202p.pdf",
    "snippet": "At a minimum, the SEC claimed that a digital asset is a security, and thus subject to the federal securities laws, if it is an \u201cinvestment ...",
    "source": "United States Courts (.gov)"
  },
  {
    "topic": "gold price",
    "title": "Gold Price Charts & Historical Data - GoldPrice.org",
    "url": "https://goldprice.org/",
    "snippet": "GOLDPRICE.ORG - The No. 1 gold price site for fast loading live gold price charts in ounces, grams and kilos in every national currency in the world.",
    "source": "Gold Price"
  },
  {
    "topic": "gold price",
    "title": "Price of Gold Per Ounce | 24 Hour Spot Chart",
    "url": "https://www.kitco.com/charts/gold",
    "snippet": "Live Gold Charts and Gold Spot Price from International Gold Markets, Prices from New York, London, Hong Kong and Sydney provided by Kitco.",
    "source": "KITCO"
  },
  {
    "topic": "gold price",
    "title": "Veteran analyst who predicted gold prices would rally ...",
    "url": "https://www.thestreet.com/markets/commodities/gold/veteran-analyst-who-predicted-gold-prices-would-rally-offers-a-blunt-new-forecast",
    "snippet": "Analyst makes bold call on gold market after eye-popping rally. Gold's price surge to over $3,200 has lifted it to all-time highs, which ...",
    "source": "TheStreet"
  },
  {
    "topic": "gold price",
    "title": "Current Gold Spot Price and Gold Price Chart History",
    "url": "https://www.gainesvillecoins.com/charts/gold-spot-price?srsltid=AfmBOornO7APU9GOikAaT4wqQKxjYwEKVBUWfh3aQY8x8eKwTTREqg9_",
    "snippet": "Find gold prices now with the current gold spot price. View charts of the gold price history measured in gold prices per ounce.",
    "source": "Gainesville Coins"
  },
  {
    "topic": "gold price",
    "title": "Gold - Price - Chart - Historical Data - News",
    "url": "https://tradingeconomics.com/commodity/gold",
    "snippet": "Gold hovered at an all-time high above the $3,340 level on Thursday, driven by demand for safe-haven assets amid continued uncertainty in U.S. trade policy.",
    "source": "Trading Economics"
  },
  {
    "topic": "central bank gold reserve",
    "title": "Central Banks Gold Reserves by Country",
    "url": "https://www.gold.org/goldhub/data/gold-reserves-by-country",
    "snippet": "Gold is an important component of central bank reserves because of its safety, liquidity and return characteristics \u2013 the three key investment ...",
    "source": "World Gold Council"
  },
  {
    "topic": "central bank gold reserve",
    "title": "Gold reserve",
    "url": "https://en.wikipedia.org/wiki/Gold_reserve",
    "snippet": "A gold reserve is the gold held by a national central bank, intended mainly as a guarantee to redeem promises to pay depositors, note holders",
    "source": "Wikipedia"
  },
  {
    "topic": "central bank gold reserve",
    "title": "Top 10 Central Bank Gold Reserves | INN",
    "url": "https://investingnews.com/daily/resource-investing/precious-metals-investing/gold-investing/top-central-bank-gold-holdings/",
    "snippet": "Global central banks own about 17 percent of all the gold ever mined, with reserves topping 37,755 metric tons (MT) at the end of 2024. They ...",
    "source": "Investing News Network"
  },
  {
    "topic": "central bank gold reserve",
    "title": "Central banks stay bullish on bullion in January",
    "url": "https://www.gold.org/goldhub/gold-focus/2025/03/central-banks-stay-bullish-bullion-january",
    "snippet": "The Central Bank of Uzbekistan reported 8t net purchases in January, with its gold holdings totalling 391t or 82% of its reserves. Sustained ...",
    "source": "World Gold Council"
  },
  {
    "topic": "central bank gold reserve",
    "title": "Gold Reserves - Countries - List",
    "url": "https://tradingeconomics.com/country-list/gold-reserves",
    "snippet": "This page displays a table with actual values, consensus figures, forecasts, statistics and historical data charts for - Gold Reserves.",
    "source": "Trading Economics"
  },
  {
    "topic": "central bank gold reserve",
    "title": "Gold Vault - FEDERAL RESERVE BANK of NEW YORK",
    "url": "https://www.newyorkfed.org/aboutthefed/goldvault.html",
    "snippet": "None of the gold stored in the vault belongs to the New York Fed or the Federal Reserve System. The New York Fed acts as the guardian and custodian of the gold ...",
    "source": "Federal Reserve Bank of New York"
  },
  {
    "topic": "central bank gold reserve",
    "title": "Top 10 Central Bank Gold Reserves",
    "url": "https://www.nasdaq.com/articles/top-10-central-bank-gold-reserves",
    "snippet": "Global central banks own about 17 percent of all the gold ever mined, with reserves topping 37,755 metric tons (MT) at the end of 2024.",
    "source": "Nasdaq"
  },
  {
    "topic": "trade tariffs",
    "title": "Trump Tariffs: Gold hits fresh record high over trade war fears",
    "url": "https://www.bbc.com/news/articles/cdrg6mnr8vpo",
    "snippet": "The introduction of tariffs by the Trump administration, which are taxes charged on businesses importing goods from overseas, has fuelled fears ...",
    "source": "BBC"
  },
  {
    "topic": "trade tariffs",
    "title": "Regulating Imports with a Reciprocal Tariff to Rectify Trade ...",
    "url": "https://www.whitehouse.gov/presidential-actions/2025/04/regulating-imports-with-a-reciprocal-tariff-to-rectify-trade-practices-that-contribute-to-large-and-persistent-annual-united-states-goods-trade-deficits/",
    "snippet": "For example, the United States imposes a 2.5 percent tariff on passenger vehicle imports (with internal combustion engines), while the European ...",
    "source": "The White House (.gov)"
  },
  {
    "topic": "trade tariffs",
    "title": "Trump tariffs live updates: China signals readiness for talks ...",
    "url": "https://finance.yahoo.com/news/live/trump-tariffs-live-updates-china-signals-readiness-for-talks-if-us-shows-respect-amid-numbers-game-191201017.html",
    "snippet": "US Treasury Secretary Scott Bessent told Yahoo Finance on Tuesday that he was optimistic about \"clarity\" on tariffs and progress on key trade ...",
    "source": "Yahoo Finance"
  },
  {
    "topic": "trade tariffs",
    "title": "Fact Sheet: President Donald J. Trump Declares National ...",
    "url": "https://www.whitehouse.gov/fact-sheets/2025/04/fact-sheet-president-donald-j-trump-declares-national-emergency-to-increase-our-competitive-edge-protect-our-sovereignty-and-strengthen-our-national-and-economic-security/",
    "snippet": "Monetary tariffs and non-monetary tariffs are two distinct types of trade barriers that governments use to regulate imports and exports. ...",
    "source": "The White House (.gov)"
  },
  {
    "topic": "trade tariffs",
    "title": "Trump 2.0 tariff tracker | Trade Compliance ...",
    "url": "https://www.tradecomplianceresourcehub.com/2025/04/16/trump-2-0-tariff-tracker/",
    "snippet": "Mar. 24, 2025: President Trump signed an executive order granting the Secretary of State discretion to impose a 25% tariff on imports of goods ...",
    "source": "Trade Compliance Resource Hub"
  },
  {
    "topic": "trade tariffs",
    "title": "Presidential Tariff Actions",
    "url": "https://ustr.gov/issue-areas/presidential-tariff-actions",
    "snippet": "Presidential Tariff Actions \u00b7 2025 Trade Policy Agenda and 2024 Annual Report \u00b7 2025 National Trade Estimate Report on Foreign Trade Barriers. USTR Press ...",
    "source": "United States Trade Representative (.gov)"
  },
  {
    "topic": "trade tariffs",
    "title": "Trump tariffs will send global trade into reverse this year ...",
    "url": "https://www.theguardian.com/us-news/2025/apr/16/trump-tariffs-will-send-global-trade-into-reverse-this-year-warns-wto",
    "snippet": "The US has imposed tariffs of 10% on all imports, with much higher rates for China totalling 145%, and on specific sectors including cars and ...",
    "source": "The Guardian"
  },
  {
    "topic": "trade tariffs",
    "title": "Trump joins tariff talks with Japan amid his trade war",
    "url": "https://apnews.com/article/trump-trade-tariffs-japan-negotiations-bessent-lutnick-9134808d0e4aaf30bc60b28d7adc9b32",
    "snippet": "President Donald Trump joined his economic advisers for White House negotiations Wednesday over tariffs and trade with a Japanese official.",
    "source": "AP News"
  },
  {
    "topic": "economic sanctions",
    "title": "What Are Economic Sanctions?",
    "url": "https://www.cfr.org/backgrounder/what-are-economic-sanctions",
    "snippet": "Economic sanctions are defined as the withdrawal of customary trade and financial relations for foreign- and security-policy purposes.",
    "source": "Council on Foreign Relations"
  },
  {
    "topic": "economic sanctions",
    "title": "Sanctions Programs and Country Information",
    "url": "https://ofac.treasury.gov/sanctions-programs-and-country-information",
    "snippet": "The sanctions can be either comprehensive or selective, using the blocking of assets and trade restrictions to accomplish foreign policy and national security ...",
    "source": "Office of Foreign Assets Control (.gov)"
  },
  {
    "topic": "economic sanctions",
    "title": "Evidence on the Costs and Benefits of Economic Sanctions",
    "url": "https://www.piie.com/commentary/testimonies/evidence-costs-and-benefits-economic-sanctions",
    "snippet": "The sanctions are imposed quickly and decisively to maximize impact. The average cost to the target as a percentage of GNP in success cases was 2.4 percent and ...",
    "source": "Peterson Institute for International Economics"
  },
  {
    "topic": "economic sanctions",
    "title": "Economic Sanctions: An Overview",
    "url": "https://www.usitc.gov/sites/default/files/publications/332/executive_briefings/ebot_economic_sanctions_overview.pdf",
    "snippet": "Definition. Economic sanctions (hereunder, \u201csanctions\u201d) are often defined as \u201c...the deliberate, government- inspired withdrawal, or threat of withdrawal, ...",
    "source": "United States International Trade Commission (.gov)"
  },
  {
    "topic": "economic sanctions",
    "title": "Economic Sanctions Policy and Implementation",
    "url": "https://www.state.gov/economic-sanctions-policy-and-implementation/",
    "snippet": "The Office of Economic Sanctions Policy and Implementation (TFS/SPI) maintains and enforces sanctions to maximize their economic impact on our targets and ...",
    "source": "U.S. Department of State (.gov)"
  },
  {
    "topic": "economic sanctions",
    "title": "Economic Sanctions and Restricted Parties | Columbia",
    "url": "https://research.columbia.edu/economic-sanctions-and-restricted-parties",
    "snippet": "Targeted sanctions prohibit transactions with specified industries, entities, or individuals listed on OFAC's Specially Designated Nationals and Blocked Parties ...",
    "source": "Columbia University"
  },
  {
    "topic": "economic sanctions",
    "title": "Are Economic Sanctions Effective Foreign Policy Tools?",
    "url": "https://now.tufts.edu/2024/07/08/are-economic-sanctions-effective-foreign-policy-tools",
    "snippet": "Economic sanctions are increasingly used to try to change foreign governments policies and actions, often with unintended consequences.",
    "source": "Tufts Now"
  }
]