[
  {
    "topic": "global economy",
    "title": "Global economy, world economy | TheGlobalEconomy.com",
    "url": "https://www.theglobaleconomy.com/",
    "snippet": "Information on the global economy with data on over 400 indicators, updated regularly, for over 200 countries as well as interactive tools, articles, ...",
    "source": "Global economy, world economy | TheGlobalEconomy.com",
    "timestamp": "2025-04-21T10:07:25.980726"
  },
  {
    "topic": "global economy",
    "title": "Global Economic Prospects",
    "url": "https://www.worldbank.org/en/publication/global-economic-prospects",
    "snippet": "Global growth is expected to hold steady at 2.7 percent in 2025-26. However, the global economy appears to be settling at a low growth rate.",
    "source": "World Bank",
    "timestamp": "2025-04-21T10:07:25.980820"
  },
  {
    "topic": "global economy",
    "title": "Global Economy",
    "url": "https://www.ft.com/global-economy",
    "snippet": "News and top stories on the state of the global economy. The latest economic data, reports and updates from countries around the world, on jobs, trade, ...",
    "source": "Financial Times",
    "timestamp": "2025-04-21T10:07:25.980864"
  },
  {
    "topic": "global economy",
    "title": "World economy",
    "url": "https://en.wikipedia.org/wiki/World_economy",
    "snippet": "The world economy or global economy is the economy of all humans in the world, referring to the global economic system.",
    "source": "Wikipedia",
    "timestamp": "2025-04-21T10:07:25.980905"
  },
  {
    "topic": "global economy",
    "title": "April 2025 update to TIGER: The world economy shudders ...",
    "url": "https://www.brookings.edu/articles/april-2025-update-to-tiger-the-world-economy-shudders-and-could-stall/",
    "snippet": "Eswar Prasad and Caroline Smiltneks examine the state of the global trade and financial markets in light of Trump's tariffs.",
    "source": "Brookings",
    "timestamp": "2025-04-21T10:07:25.980946"
  },
  {
    "topic": "global economy",
    "title": "How does the global economy work?",
    "url": "https://www.edology.com/blog/accounting-finance/how-does-global-economy-work/",
    "snippet": "The global economy refers to the interconnected worldwide economic activities that take place between multiple countries. These economic activities can have ...",
    "source": "Edology",
    "timestamp": "2025-04-21T10:07:25.980987"
  },
  {
    "topic": "global economy",
    "title": "THE GLOBAL ECONOMY | English meaning",
    "url": "https://dictionary.cambridge.org/dictionary/english/global-economy",
    "snippet": "THE GLOBAL ECONOMY definition: the system of industry and trade around the world that has developed as the result of globalization…. Learn more.",
    "source": "Cambridge Dictionary",
    "timestamp": "2025-04-21T10:07:25.981028"
  },
  {
    "topic": "geopolitical tensions",
    "title": "Top Geopolitical Risks of 2025",
    "url": "https://www.spglobal.com/en/research-insights/market-insights/geopolitical-risk",
    "snippet": "The world is changing. Geopolitical fragmentation is being fueled by COVID-19, the war in Ukraine, U.S.-China relations and more.",
    "source": "S&P Global",
    "timestamp": "2025-04-21T10:07:34.839551"
  },
  {
    "topic": "geopolitical tensions",
    "title": "How are geopolitical risks affecting the world economy?",
    "url": "https://www.economicsobservatory.com/how-are-geopolitical-risks-affecting-the-world-economy",
    "snippet": "Geopolitical risks posed by elections, polarisation and conflicts within and between states have inevitable knock-on effects on the economy, both globally and ...",
    "source": "Economics Observatory",
    "timestamp": "2025-04-21T10:07:34.839634"
  },
  {
    "topic": "geopolitical tensions",
    "title": "How Geopolitical Risks Influence the Global Community",
    "url": "https://geopoliticalfutures.com/risk/",
    "snippet": "Geopolitical risks are defined as the potential political, economic, military, and social risks that can emerge from a nation's involvement in international ...",
    "source": "Geopolitical Futures",
    "timestamp": "2025-04-21T10:07:34.839675"
  },
  {
    "topic": "geopolitical tensions",
    "title": "Geopolitical Risk Dashboard | BlackRock Investment Institute",
    "url": "https://www.blackrock.com/corporate/insights/blackrock-investment-institute/interactive-charts/geopolitical-risk-dashboard",
    "snippet": "Tensions escalate meaningfully over Taiwan or in the South China Sea. High, U.S.-China military tensions are poised to escalate, in our view.",
    "source": "blackrock.com",
    "timestamp": "2025-04-21T10:07:34.839714"
  },
  {
    "topic": "geopolitical tensions",
    "title": "Geopolitical tensions - (AP World History",
    "url": "https://library.fiveable.me/key-terms/ap-world/geopolitical-tensions",
    "snippet": "Geopolitical tensions refer to conflicts and rivalries between nations or regions that arise from their geographical, political, and economic interests.",
    "source": "Fiveable",
    "timestamp": "2025-04-21T10:07:34.839753"
  },
  {
    "topic": "geopolitical tensions",
    "title": "Beyond borders: Assessing the influence of Geopolitical ...",
    "url": "https://www.sciencedirect.com/science/article/pii/S0176268024000521",
    "snippet": "We find that geopolitical tensions and global uncertainty in border countries contribute to the rise of European country's sovereign risk.",
    "source": "ScienceDirect.com",
    "timestamp": "2025-04-21T10:07:34.839791"
  },
  {
    "topic": "geopolitical tensions",
    "title": "Geopolitical conflict and its impact on global markets",
    "url": "https://www.usbank.com/investing/financial-perspectives/market-news/russia-ukraine-global-market.html",
    "snippet": "Increasing global tensions tied to trade tensions and ongoing geopolitical conflicts contributed to investor uncertainty about near-term ...",
    "source": "U.S. Bank",
    "timestamp": "2025-04-21T10:07:34.839828"
  },
  {
    "topic": "geopolitical tensions",
    "title": "How Rising Geopolitical Risks Weigh on Asset Prices",
    "url": "https://www.imf.org/en/Blogs/Articles/2025/04/14/how-rising-geopolitical-risks-weigh-on-asset-prices",
    "snippet": "Heightened tensions can hurt stock markets, raise government borrowing costs, and pose risks to financial stability.",
    "source": "International Monetary Fund",
    "timestamp": "2025-04-21T10:07:34.839865"
  },
  {
    "topic": "geopolitical tensions",
    "title": "Growing geopolitical tensions underscore the need for ...",
    "url": "https://www.iea.org/commentaries/growing-geopolitical-tensions-underscore-the-need-for-stronger-action-on-critical-minerals-security",
    "snippet": "Rising geopolitical tensions are posing growing risks to critical mineral supplies. A wide range of export control measures on critical minerals ...",
    "source": "IEA – International Energy Agency",
    "timestamp": "2025-04-21T10:07:34.839903"
  },
  {
    "topic": "crypto adoption",
    "title": "2024 Global Crypto Adoption Index",
    "url": "https://www.chainalysis.com/blog/2024-global-crypto-adoption-index/",
    "snippet": "In each year's report, we look at both on- and off-chain data to determine which countries are leading the world in grassroots crypto adoption.",
    "source": "Chainalysis",
    "timestamp": "2025-04-21T10:07:39.650977"
  },
  {
    "topic": "crypto adoption",
    "title": "Cryptocurrency Ownership Data - Triple-A",
    "url": "https://www.triple-a.io/cryptocurrency-ownership-data",
    "snippet": "As of 2024, we estimated global cryptocurrency ownership rates at an average of 6.8%, with over 560 million cryptocurrencies users worldwide.",
    "source": "triple-a.io",
    "timestamp": "2025-04-21T10:07:39.651049"
  },
  {
    "topic": "crypto adoption",
    "title": "2025 Cryptocurrency Adoption and Consumer Sentiment ...",
    "url": "https://www.security.org/digital-security/cryptocurrency-annual-consumer-report/",
    "snippet": "We conducted our annual cryptocurrency study to see what Americans think about cryptocurrency adoption, regulation, and security at the start of 2025.",
    "source": "Security.org",
    "timestamp": "2025-04-21T10:07:39.651090"
  },
  {
    "topic": "crypto adoption",
    "title": "2024 Crypto Adoption and Illicit Exposure Report",
    "url": "https://www.trmlabs.com/resources/reports/2024-crypto-adoption-and-illicit-activity-report",
    "snippet": "The 2024 Crypto Adoption and Illicit Exposure Report report examines the shifts and trends shaping cryptocurrency adoption around the world.",
    "source": "TRM Labs",
    "timestamp": "2025-04-21T10:07:39.651129"
  },
  {
    "topic": "crypto adoption",
    "title": "The 2023 Global Crypto Adoption Index",
    "url": "https://www.chainalysis.com/blog/2023-global-crypto-adoption-index/",
    "snippet": "The goal of the index is simple: We combine on-chain data and real-world data to measure which countries are leading the world in grassroots crypto adoption.",
    "source": "Chainalysis",
    "timestamp": "2025-04-21T10:07:39.651166"
  },
  {
    "topic": "crypto adoption",
    "title": "Crypto Adoption Index | Crypto Wealth Report",
    "url": "https://www.henleyglobal.com/publications/crypto-wealth-report/crypto-adoption-index",
    "snippet": "The Crypto Adoption Index assesses investment migration options for crypto investors who want to craft a portfolio of alternative residence permits and ...",
    "source": "Henley & Partners",
    "timestamp": "2025-04-21T10:07:39.651204"
  },
  {
    "topic": "crypto adoption",
    "title": "Economic freedom or crypto-colonialism? Materialities of ...",
    "url": "https://www.sciencedirect.com/science/article/abs/pii/S0016718524000411",
    "snippet": "On September 7th, 2021, El Salvador became the first nation in the world to adopt Bitcoin as legal tender, opening up its rapidly developing coast to a new form ...",
    "source": "ScienceDirect.com",
    "timestamp": "2025-04-21T10:07:39.651241"
  },
  {
    "topic": "crypto adoption",
    "title": "Cryptocurrency Ownership Data - Triple-A",
    "url": "https://www.triple-a.io/cryptocurrency-ownership-data/cryptocurrency-ownership-data",
    "snippet": "As of 2024, we estimated global cryptocurrency ownership rates at an average of 6.8%, with over 560 million cryptocurrencies users worldwide.",
    "source": "triple-a.io",
    "timestamp": "2025-04-21T10:07:39.651278"
  },
  {
    "topic": "crypto ban",
    "title": "Legality of cryptocurrency by country or territory",
    "url": "https://en.wikipedia.org/wiki/Legality_of_cryptocurrency_by_country_or_territory",
    "snippet": "Afghanistan. Illegal. In August 2022 Taliban banned trading in cryptocurrencies. · Kyrgyzstan. Legal. Bitcoin is considered a commodity, not a security or ...",
    "source": "Wikipedia",
    "timestamp": "2025-04-21T10:07:46.174331"
  },
  {
    "topic": "crypto ban",
    "title": "10 Countries Where Crypto Remains Banned in 2025",
    "url": "https://www.ccn.com/education/crypto/10-countries-where-crypto-remains-banned/",
    "snippet": "10 Countries Where Crypto Remains Banned in 2025 · 1. China · 2. Egypt · 3. Algeria · 4. Bangladesh · 5. Nepal · 6. Afghanistan · 7. Morocco · 8 ...",
    "source": "CCN.com",
    "timestamp": "2025-04-21T10:07:46.174408"
  },
  {
    "topic": "crypto ban",
    "title": "Crypto Tracing, China's Crypto Ban, and Potential Global ...",
    "url": "https://www.thinkbrg.com/thinkset/ts-crypto-tracing-china-crypto-ban-global-regulation/",
    "snippet": "China has taken a particularly tough stance, banning cryptocurrency exchanges and ICOs in 2017. However, some reports suggest that the country is now exploring ...",
    "source": "BRG",
    "timestamp": "2025-04-21T10:07:46.174440"
  },
  {
    "topic": "crypto ban",
    "title": "Banano price today, BAN to USD live price, marketcap ...",
    "url": "https://coinmarketcap.com/currencies/banano/",
    "snippet": "The live Banano price today is $0.001295 USD with a 24-hour trading volume of $3095.39 USD. We update our BAN to USD price in real-time.",
    "source": "CoinMarketCap",
    "timestamp": "2025-04-21T10:07:46.174471"
  },
  {
    "topic": "crypto ban",
    "title": "Crypto Ban",
    "url": "https://www.coindesk.com/tag/crypto-ban",
    "snippet": "Russia's central bank said in a report released Thursday the country must make crypto trading, mining, and usage illegal. CoinDesk reporter Anna Baydakova ...",
    "source": "CoinDesk",
    "timestamp": "2025-04-21T10:07:46.174501"
  },
  {
    "topic": "crypto ban",
    "title": "Donald Trump fulfills promise to crypto community, bans ...",
    "url": "https://indianexpress.com/article/technology/donald-trump-cbdc-ban-cryptocurrencies-stablecoins-9796358/",
    "snippet": "US President Donald Trump has signed an executive order banning the creation and issuance of Central Bank Digital Currency (CBDC) in the US.",
    "source": "The Indian Express",
    "timestamp": "2025-04-21T10:07:46.174532"
  },
  {
    "topic": "crypto ban",
    "title": "Why China had to “Ban” Cryptocurrency but the U.S. did not",
    "url": "https://openscholarship.wustl.edu/law_globalstudies/vol18/iss2/9/",
    "snippet": "While China explicitly banned any exchange or financing activities between fiat money and “coin substitution” in 2017, the US has placed cryptocurrencies ...",
    "source": "Washington University Open Scholarship",
    "timestamp": "2025-04-21T10:07:46.174562"
  },
  {
    "topic": "crypto regulation",
    "title": "Cryptocurrency Regulation: A Guide to U.S. & Global Policies",
    "url": "https://www.britannica.com/money/cryptocurrency-regulation",
    "snippet": "Regulations for crypto are the legal and procedural frameworks that governments enact to shape many different aspects of digital assets.",
    "source": "Britannica",
    "timestamp": "2025-04-21T10:07:47.967877"
  },
  {
    "topic": "crypto regulation",
    "title": "Crypto Task Force",
    "url": "https://www.sec.gov/about/crypto-task-force",
    "snippet": "The Crypto Task Force will help to draw clear regulatory lines, appropriately distinguish securities from non-securities, craft tailored disclosure frameworks, ...",
    "source": "SEC.gov",
    "timestamp": "2025-04-21T10:07:47.967950"
  },
  {
    "topic": "crypto regulation",
    "title": "Regulating crypto: Why, how, and who | ...",
    "url": "https://www.brookings.edu/collection/regulating-crypto-why-how-and-who/",
    "snippet": "Allen cautioned against bringing crypto into the regulatory system for fear of giving investors false guarantees around the quality of these assets and markets.",
    "source": "Brookings",
    "timestamp": "2025-04-21T10:07:47.967991"
  },
  {
    "topic": "crypto regulation",
    "title": "Crypto: Regulation",
    "url": "https://www.bloomberg.com/crypto/regulation",
    "snippet": "Bloomberg's coverage of the latest on Cryptocurrencies.",
    "source": "Bloomberg",
    "timestamp": "2025-04-21T10:07:47.968030"
  },
  {
    "topic": "crypto regulation",
    "title": "Recent Developments Raise Significant Questions about ...",
    "url": "https://www.moneylaunderingnews.com/2025/03/recent-developments-raise-significant-questions-about-the-future-of-regulation-and-enforcement-of-cryptocurrency/",
    "snippet": "Clearing Agencies and Transfer Agents: The Task Force hopes to improve the intersection of crypto, clearing agency and transfer rules.",
    "source": "Money Laundering Watch",
    "timestamp": "2025-04-21T10:07:47.968068"
  },
  {
    "topic": "crypto regulation",
    "title": "How are Cryptocurrencies Regulated in the U.S. and the EU?",
    "url": "https://www.dowjones.com/professional/risk/glossary/cryptocurrency/us-eu-regulation/",
    "snippet": "Many countries are starting to collect taxes on capital gains and crack down on financial crimes in the cryptocurrency space.",
    "source": "dowjones.com",
    "timestamp": "2025-04-21T10:07:47.968195"
  },
  {
    "topic": "SEC ruling crypto",
    "title": "Crypto Assets",
    "url": "https://www.sec.gov/securities-topics/crypto-assets",
    "snippet": "To settle the SEC's charges, Nexo agreed to pay a $22.5 million penalty and cease its unregistered offer and sale of the EIP to U.S. investors. 1/19/2023. SEC v ...",
    "source": "SEC.gov",
    "timestamp": "2025-04-21T10:07:49.172039"
  },
  {
    "topic": "SEC ruling crypto",
    "title": "Crypto Task Force",
    "url": "https://www.sec.gov/about/crypto-task-force",
    "snippet": "The Crypto Task Force seeks to provide clarity on the application of the federal securities laws to the crypto asset market and to recommend practical policy ...",
    "source": "SEC.gov",
    "timestamp": "2025-04-21T10:07:49.172116"
  },
  {
    "topic": "SEC ruling crypto",
    "title": "Offerings and Registrations of Securities in the Crypto ...",
    "url": "https://www.sec.gov/newsroom/speeches-statements/cf-crypto-securities-041025",
    "snippet": "SEC rules require a discussion of the material factors that make an investment in the registrant or the offering speculative or risky.[14] In ...",
    "source": "SEC.gov",
    "timestamp": "2025-04-21T10:07:49.172156"
  },
  {
    "topic": "SEC ruling crypto",
    "title": "SEC Withdraws from Prominent Crypto Enforcement Amid ...",
    "url": "https://www.consumerfinanceandfintechblog.com/2025/02/sec-withdraws-from-prominent-crypto-enforcement-amid-regulatory-shift/",
    "snippet": "The SEC filed its enforcement action against Coinbase in June 2023 under former-Chair Gary Gensler, alleging that the crypto platform violated ...",
    "source": "Consumer Finance and Fintech Blog",
    "timestamp": "2025-04-21T10:07:49.172195"
  },
  {
    "topic": "SEC ruling crypto",
    "title": "SEC Says Bitcoin is NOT a Security | Cryptocurrency Law",
    "url": "https://gordonlaw.com/learn/sec-says-bitcoin-not-security/",
    "snippet": "The U.S. Securities and Exchange Commission declared that Bitcoin is not a security. Jump in to learn more about the decision and its industry impact.",
    "source": "Gordon Law Group",
    "timestamp": "2025-04-21T10:07:49.172233"
  },
  {
    "topic": "SEC ruling crypto",
    "title": "Cyber, Crypto Assets and Emerging Technology",
    "url": "https://www.sec.gov/about/divisions-offices/division-enforcement/cyber-crypto-assets-emerging-technology",
    "snippet": "The SEC's Crypto Task Force seeks to help the Commission provide clarity on the application of the federal securities laws to the crypto asset ...",
    "source": "SEC.gov",
    "timestamp": "2025-04-21T10:07:49.172271"
  },
  {
    "topic": "SEC ruling crypto",
    "title": "The SEC Is Abandoning Its Biggest Crypto Lawsuits",
    "url": "https://www.wired.com/story/sec-is-giving-up-biggest-crypto-lawsuits/",
    "snippet": "In the last week alone, the SEC agreed to drop its lawsuit against crypto exchange Coinbase outright, while trading platforms Robinhood and ...",
    "source": "WIRED",
    "timestamp": "2025-04-21T10:07:49.172309"
  },
  {
    "topic": "SEC ruling crypto",
    "title": "SEC repeals controversial crypto accounting rules for banks",
    "url": "https://bankingjournal.aba.com/2025/01/sec-repeals-controversial-crypto-accounting-rules-for-banks/",
    "snippet": "SAB 121, published in 2022, required SEC registrants to record an obligation to safeguard the crypto assets that they hold at the fair value of ...",
    "source": "ABA Banking Journal",
    "timestamp": "2025-04-21T10:07:49.172346"
  },
  {
    "topic": "SEC ruling crypto",
    "title": "SEC Declares Bitcoin and Ether as Non-Securities - Cassels",
    "url": "https://cassels.com/insights/sec-declares-bitcoin-and-ether-as-non-securities/",
    "snippet": "William Hinman (Hinman), announced that the commission would not be treating Ether or Bitcoin as securities.",
    "source": "cassels.com",
    "timestamp": "2025-04-21T10:07:49.172383"
  },
  {
    "topic": "court decision cryptocurrency",
    "title": "Crypto in the Courts: Five Cases Reshaping Digital Asset ...",
    "url": "https://katten.com/crypto-in-the-courts-five-cases-reshaping-digital-asset-regulation-in-2025",
    "snippet": "This article examines five cases that may define the future of digital asset regulation in the United States and sets out the issues at stake in those cases.",
    "source": "Katten Muchin Rosenman LLP",
    "timestamp": "2025-04-21T10:07:50.735001"
  },
  {
    "topic": "court decision cryptocurrency",
    "title": "Third Circuit Coinbase Decision Pressures SEC on Crypto ...",
    "url": "https://www.ropesgray.com/en/insights/alerts/2025/01/third-circuit-coinbase-decision-pressures-sec-on-crypto-rulemaking",
    "snippet": "Court's Findings · The SEC's disagreement with Coinbase on the application of existing securities laws to digital assets was not well-reasoned.",
    "source": "Ropes & Gray LLP",
    "timestamp": "2025-04-21T10:07:50.735079"
  },
  {
    "topic": "court decision cryptocurrency",
    "title": "Court Publishes Decision on Mandatory Arbitration Provisions ...",
    "url": "https://consumerlaw.berkeley.edu/news/court-publishes-decision-mandatory-arbitration-provisions-crypto-industry-and-beyond",
    "snippet": "The opinion establishes a clear blueprint for how to successfully bring claims against abusive cryptocurrency companies for violating consumer ...",
    "source": "Center for Consumer Law & Economic Justice",
    "timestamp": "2025-04-21T10:07:50.735119"
  },
  {
    "topic": "court decision cryptocurrency",
    "title": "Cryptocurrency, Sweepstakes, and the Supreme Court",
    "url": "https://www.consumerfinancialserviceslawmonitor.com/2024/05/cryptocurrency-sweepstakes-and-the-supreme-court-a-tale-of-two-contracts/",
    "snippet": "The decision teaches a cautionary lesson that parties with multiple contracts between them must keep issues of arbitrability consistent between the contracts.",
    "source": "Consumer Financial Services Law Monitor",
    "timestamp": "2025-04-21T10:07:50.735158"
  },
  {
    "topic": "court decision cryptocurrency",
    "title": "The SEC May Signal New Crypto Enforcement Approach In ...",
    "url": "https://omm.com/insights/alerts-publications/the-sec-may-signal-new-crypto-enforcement-approach-in-upcoming-court-filing/",
    "snippet": "The district court in SEC v. Coinbase found that the digital asset industry did not have the required significance. ... But Coinbase has appealed ...",
    "source": "O'Melveny",
    "timestamp": "2025-04-21T10:07:50.735198"
  },
  {
    "topic": "court decision cryptocurrency",
    "title": "precedential",
    "url": "https://www2.ca3.uscourts.gov/opinarch/233202p.pdf",
    "snippet": "At a minimum, the SEC claimed that a digital asset is a security, and thus subject to the federal securities laws, if it is an “investment ...",
    "source": "United States Courts (.gov)",
    "timestamp": "2025-04-21T10:07:50.735236"
  },
  {
    "topic": "court decision cryptocurrency",
    "title": "Appeals court reinstates crypto traders' claims against feds",
    "url": "https://www.courthousenews.com/appeals-court-reinstates-crypto-traders-claims-against-feds/",
    "snippet": "A Sixth Circuit panel ruled Friday that amended reporting and disclosure requirements could violate digital currency traders' First Amendment rights.",
    "source": "Courthouse News Service",
    "timestamp": "2025-04-21T10:07:50.735274"
  },
  {
    "topic": "court decision cryptocurrency",
    "title": "Appeals Court Reverses the SEC's Rejection of ...",
    "url": "https://www.winston.com/en/blogs-and-podcasts/non-fungible-insights-blockchain-decrypted/appeals-court-reverses-the-secs-rejection-of-grayscales-spot-bitcoin-etf-proposal",
    "snippet": "The three-judge panel unanimously concluded that the Commission failed to provide a “coherent explanation” as to why it approved bitcoin futures ETFs, but not ...",
    "source": "Winston & Strawn",
    "timestamp": "2025-04-21T10:07:50.735311"
  },
  {
    "topic": "gold price",
    "title": "Gold Price Charts & Historical Data - GoldPrice.org",
    "url": "https://goldprice.org/",
    "snippet": "GOLDPRICE.ORG - The No. 1 gold price site for fast loading live gold price charts in ounces, grams and kilos in every national currency in the world.",
    "source": "Gold Price",
    "timestamp": "2025-04-21T10:07:54.290409"
  },
  {
    "topic": "gold price",
    "title": "Price of Gold Per Ounce | 24 Hour Spot Chart",
    "url": "https://www.kitco.com/charts/gold",
    "snippet": "Live Gold Charts and Gold Spot Price from International Gold Markets, Prices from New York, London, Hong Kong and Sydney provided by Kitco.",
    "source": "KITCO",
    "timestamp": "2025-04-21T10:07:54.290491"
  },
  {
    "topic": "gold price",
    "title": "Live Gold Spot Price Chart",
    "url": "https://www.bullionvault.com/gold-price-chart.do",
    "snippet": "Currently, the US dollar spot price for 1 ounce of gold is $3,395.26 and in Canadian dollars C$4,681.45. However, it's possible to track the real-time changing ...",
    "source": "BullionVault",
    "timestamp": "2025-04-21T10:07:54.290530"
  },
  {
    "topic": "gold price",
    "title": "Gold Price Chart. Spot and Physical ...",
    "url": "https://www.veracash.com/gold-price-and-chart",
    "snippet": "Today, the spot price for a gram of gold is €94.04 and US$107.73. The price per gram of GoldPremium gold is €98.55 and US$112.90 ...",
    "source": "Veracash",
    "timestamp": "2025-04-21T10:07:54.290567"
  },
  {
    "topic": "gold price",
    "title": "XAUUSD Chart — Gold Spot US Dollar Price",
    "url": "https://www.tradingview.com/symbols/XAUUSD/",
    "snippet": "Live Gold Spot to US Dollar rate. Free XAU USD chart with historical data. Top trading ideas and forecasts with technical analysis for world currencies.",
    "source": "TradingView",
    "timestamp": "2025-04-21T10:07:54.290605"
  },
  {
    "topic": "central bank gold reserve",
    "title": "Central Banks Gold Reserves by Country",
    "url": "https://www.gold.org/goldhub/data/gold-reserves-by-country",
    "snippet": "Gold is an important component of central bank reserves because of its safety, liquidity and return characteristics – the three key investment ...",
    "source": "World Gold Council",
    "timestamp": "2025-04-21T10:08:02.995788"
  },
  {
    "topic": "central bank gold reserve",
    "title": "Gold reserve",
    "url": "https://en.wikipedia.org/wiki/Gold_reserve",
    "snippet": "A gold reserve is the gold held by a national central bank, intended mainly as a guarantee to redeem promises to pay depositors, note holders",
    "source": "Wikipedia",
    "timestamp": "2025-04-21T10:08:02.995861"
  },
  {
    "topic": "central bank gold reserve",
    "title": "Top 10 Central Bank Gold Reserves | INN",
    "url": "https://investingnews.com/daily/resource-investing/precious-metals-investing/gold-investing/top-central-bank-gold-holdings/",
    "snippet": "Global central banks own about 17 percent of all the gold ever mined, with reserves topping 37,755 metric tons (MT) at the end of 2024. They ...",
    "source": "Investing News Network",
    "timestamp": "2025-04-21T10:08:02.995901"
  },
  {
    "topic": "central bank gold reserve",
    "title": "Central banks stay bullish on bullion in January",
    "url": "https://www.gold.org/goldhub/gold-focus/2025/03/central-banks-stay-bullish-bullion-january",
    "snippet": "The Central Bank of Uzbekistan reported 8t net purchases in January, with its gold holdings totalling 391t or 82% of its reserves. Sustained ...",
    "source": "World Gold Council",
    "timestamp": "2025-04-21T10:08:02.995940"
  },
  {
    "topic": "central bank gold reserve",
    "title": "Gold Reserves - Countries - List",
    "url": "https://tradingeconomics.com/country-list/gold-reserves",
    "snippet": "This page displays a table with actual values, consensus figures, forecasts, statistics and historical data charts for - Gold Reserves.",
    "source": "Trading Economics",
    "timestamp": "2025-04-21T10:08:02.995979"
  },
  {
    "topic": "central bank gold reserve",
    "title": "Gold Vault - FEDERAL RESERVE BANK of NEW YORK",
    "url": "https://www.newyorkfed.org/aboutthefed/goldvault.html",
    "snippet": "None of the gold stored in the vault belongs to the New York Fed or the Federal Reserve System. The New York Fed acts as the guardian and custodian of the gold ...",
    "source": "Federal Reserve Bank of New York",
    "timestamp": "2025-04-21T10:08:02.996020"
  },
  {
    "topic": "central bank gold reserve",
    "title": "Total reserves (includes gold, current US$)",
    "url": "https://data.worldbank.org/indicator/FI.RES.TOTL.CD",
    "snippet": "Total reserves minus gold (current US$), Bank liquid reserves to bank assets ratio (%), Bank nonperforming loans to total gross loans (%).",
    "source": "World Bank Open Data",
    "timestamp": "2025-04-21T10:08:02.996058"
  },
  {
    "topic": "trade tariffs",
    "title": "WTO | Tariffs",
    "url": "https://www.wto.org/english/tratop_e/tariffs_e/tariffs_e.htm",
    "snippet": "Customs duties on merchandise imports are called tariffs. Tariffs give a price advantage to locally-produced goods over similar goods which are imported.",
    "source": "World Trade Organization",
    "timestamp": "2025-04-21T10:08:11.686317"
  },
  {
    "topic": "trade tariffs",
    "title": "Fact Sheet: President Donald J. Trump Declares National ...",
    "url": "https://www.whitehouse.gov/fact-sheets/2025/04/fact-sheet-president-donald-j-trump-declares-national-emergency-to-increase-our-competitive-edge-protect-our-sovereignty-and-strengthen-our-national-and-economic-security/",
    "snippet": "Monetary tariffs and non-monetary tariffs are two distinct types of trade barriers that governments use to regulate imports and exports. ...",
    "source": "The White House (.gov)",
    "timestamp": "2025-04-21T10:08:11.686401"
  },
  {
    "topic": "trade tariffs",
    "title": "First shockwaves of Trump's tariffs are about to hit the world ...",
    "url": "https://finance.yahoo.com/news/first-shockwaves-trump-tariffs-hit-060032485.html",
    "snippet": "... Dow Jones Futures Fall With Trump Tariffs, Earnings In Focus; China Issues Trade Warning.",
    "source": "Yahoo Finance",
    "timestamp": "2025-04-21T10:08:11.686441"
  },
  {
    "topic": "trade tariffs",
    "title": "Presidential Tariff Actions",
    "url": "https://ustr.gov/issue-areas/presidential-tariff-actions",
    "snippet": "Presidential Tariff Actions · 2025 Trade Policy Agenda and 2024 Annual Report · 2025 National Trade Estimate Report on Foreign Trade Barriers. USTR Press ...",
    "source": "United States Trade Representative (.gov)",
    "timestamp": "2025-04-21T10:08:11.686480"
  },
  {
    "topic": "trade tariffs",
    "title": "'Chaotic' tariff regime and trade war are leaving small ...",
    "url": "https://www.cnn.com/2025/04/20/economy/us-small-businesses-tariffs/index.html",
    "snippet": "The erratic nature of President Donald Trump's trade policies and the severity of newly imposed tariffs have wreaked havoc on small businesses ...",
    "source": "CNN",
    "timestamp": "2025-04-21T10:08:11.686518"
  },
  {
    "topic": "trade tariffs",
    "title": "What are tariffs and why is Trump using them?",
    "url": "https://www.bbc.com/news/articles/cn93e12rypgo",
    "snippet": "Tariffs are a key part of the US president's political vision but economists fear a global trade war.",
    "source": "BBC",
    "timestamp": "2025-04-21T10:08:11.686557"
  },
  {
    "topic": "trade tariffs",
    "title": "China warns countries not to strike trade deals with US at ...",
    "url": "https://www.aljazeera.com/economy/2025/4/21/china-warns-countries-not-to-strike-trade-deals-with-us-at-its-expense",
    "snippet": "China has warned countries seeking exemptions from United States President Donald Trump's tariffs not to strike deals at its expense.",
    "source": "Al Jazeera",
    "timestamp": "2025-04-21T10:08:11.686595"
  },
  {
    "topic": "trade tariffs",
    "title": "Regulating Imports with a Reciprocal Tariff to Rectify Trade ...",
    "url": "https://www.whitehouse.gov/presidential-actions/2025/04/regulating-imports-with-a-reciprocal-tariff-to-rectify-trade-practices-that-contribute-to-large-and-persistent-annual-united-states-goods-trade-deficits/",
    "snippet": "For example, the United States imposes a 2.5 percent tariff on passenger vehicle imports (with internal combustion engines), while the European ...",
    "source": "The White House (.gov)",
    "timestamp": "2025-04-21T10:08:11.686633"
  },
  {
    "topic": "economic sanctions",
    "title": "Economic sanctions",
    "url": "https://en.wikipedia.org/wiki/Economic_sanctions",
    "snippet": "Economic sanctions or embargoes are commercial and financial penalties applied by states or institutions against states, groups, or individuals.",
    "source": "Wikipedia",
    "timestamp": "2025-04-21T10:08:14.008300"
  },
  {
    "topic": "economic sanctions",
    "title": "What Are Economic Sanctions?",
    "url": "https://www.cfr.org/backgrounder/what-are-economic-sanctions",
    "snippet": "Economic sanctions are defined as the withdrawal of customary trade and financial relations for foreign- and security-policy purposes.",
    "source": "Council on Foreign Relations",
    "timestamp": "2025-04-21T10:08:14.008391"
  },
  {
    "topic": "economic sanctions",
    "title": "Sanctions Programs and Country Information",
    "url": "https://ofac.treasury.gov/sanctions-programs-and-country-information",
    "snippet": "The sanctions can be either comprehensive or selective, using the blocking of assets and trade restrictions to accomplish foreign policy and national security ...",
    "source": "Office of Foreign Assets Control (.gov)",
    "timestamp": "2025-04-21T10:08:14.008431"
  },
  {
    "topic": "economic sanctions",
    "title": "Economic sanctions | Definition, History, Criticism, & Facts",
    "url": "https://www.britannica.com/topic/economic-sanctions",
    "snippet": "Economic sanctions are often financial restrictions that make it difficult for the target to conduct business or to receive or transfer income. Such sanctions ...",
    "source": "Britannica",
    "timestamp": "2025-04-21T10:08:14.008469"
  },
  {
    "topic": "economic sanctions",
    "title": "US Economic Sanctions: Their Impact on Trade, Jobs, and ...",
    "url": "https://www.piie.com/publications/working-papers/us-economic-sanctions-their-impact-trade-jobs-and-wages",
    "snippet": "The OECD results suggest that extensive sanctions lower exports by 78 percent, while limited to modest sanctions reduce exports by 21 percent to 33 percent.",
    "source": "Peterson Institute for International Economics",
    "timestamp": "2025-04-21T10:08:14.008615"
  },
  {
    "topic": "economic sanctions",
    "title": "Economic Sanctions: An Overview",
    "url": "https://www.usitc.gov/sites/default/files/publications/332/executive_briefings/ebot_economic_sanctions_overview.pdf",
    "snippet": "Definition. Economic sanctions (hereunder, “sanctions”) are often defined as “...the deliberate, government- inspired withdrawal, or threat of withdrawal, ...",
    "source": "United States International Trade Commission (.gov)",
    "timestamp": "2025-04-21T10:08:14.008658"
  },
  {
    "topic": "economic sanctions",
    "title": "Evidence on the Costs and Benefits of Economic Sanctions",
    "url": "https://www.piie.com/commentary/testimonies/evidence-costs-and-benefits-economic-sanctions",
    "snippet": "While the benefits of economic sanctions are elusive, the costs often are not. Trade sanctions deprive the United States of the gains from trade and frequently ...",
    "source": "Peterson Institute for International Economics",
    "timestamp": "2025-04-21T10:08:14.008697"
  },
  {
    "topic": "economic sanctions",
    "title": "Economic Sanctions Policy and Implementation",
    "url": "https://www.state.gov/economic-sanctions-policy-and-implementation/",
    "snippet": "The Office of Economic Sanctions Policy and Implementation (TFS/SPI) maintains and enforces sanctions to maximize their economic impact on our targets and ...",
    "source": "U.S. Department of State (.gov)",
    "timestamp": "2025-04-21T10:08:14.008736"
  }
]