{
  "timestamp": "2025-04-19T02:14:51.066542",
  "symbol": "BTC/USDT",
  "average_sentiment_score": 0.0,
  "fear_greed_index": [
    {
      "value": 32,
      "classification": "Fear",
      "timestamp_unix": 1745020800,
      "datetime": "2025-04-19T00:00:00"
    }
  ],
  "dxy_strength_score": null,
  "macro_news_sentiment": [
    {
      "title": "Victory inn Europe! Pubs to stay open later as part of VE 80 Celebrations",
      "url": "https://www.gov.uk/government/announcements",
      "country": "UK",
      "source": "government",
      "scraped_at": "2025-04-19T02:14:41.940004",
      "sentiment": "neutral"
    },
    {
      "title": "PM call with President Trump of the United States: 18 April 2025",
      "url": "https://www.gov.uk/government/announcements",
      "country": "UK",
      "source": "government",
      "scraped_at": "2025-04-19T02:14:41.940056",
      "sentiment": "neutral"
    },
    {
      "title": "Homes fit for heroes: Raft of news measures to improve military family housing",
      "url": "https://www.gov.uk/government/announcements",
      "country": "UK",
      "source": "government",
      "scraped_at": "2025-04-19T02:14:41.940074",
      "sentiment": "positive"
    },
    {
      "title": "Senior Traffic Commissioner launches consultation to review approach in determining a driver\u2019s suitability",
      "url": "https://www.gov.uk/government/announcements",
      "country": "UK",
      "source": "government",
      "scraped_at": "2025-04-19T02:14:41.940091",
      "sentiment": "neutral"
    },
    {
      "title": "The UK is deeply concerned by the destabilising activities of Libyan security actors and armed groups: UK statement at the UN Security Council",
      "url": "https://www.gov.uk/government/announcements",
      "country": "UK",
      "source": "government",
      "scraped_at": "2025-04-19T02:14:41.940107",
      "sentiment": "neutral"
    },
    {
      "title": "Man who stabbed two strangers has sentence more than doubled after intervention by the Solicitor General",
      "url": "https://www.gov.uk/government/announcements",
      "country": "UK",
      "source": "government",
      "scraped_at": "2025-04-19T02:14:41.940123",
      "sentiment": "neutral"
    },
    {
      "title": "Dangerous driver who killed passenger has sentence increased following intervention by Solicitor General",
      "url": "https://www.gov.uk/government/announcements",
      "country": "UK",
      "source": "government",
      "scraped_at": "2025-04-19T02:14:41.940139",
      "sentiment": "negative"
    },
    {
      "title": "Site checks after suspension notice served",
      "url": "https://www.gov.uk/government/announcements",
      "country": "UK",
      "source": "government",
      "scraped_at": "2025-04-19T02:14:41.940155",
      "sentiment": "neutral"
    },
    {
      "title": "Flu and COVID-19 surveillance reports bulletin 2025",
      "url": "https://www.gov.uk/government/announcements",
      "country": "UK",
      "source": "government",
      "scraped_at": "2025-04-19T02:14:41.940170",
      "sentiment": "neutral"
    },
    {
      "title": "Patients urged to check packs of blood pressure medicine lercanidipine after labelling error",
      "url": "https://www.gov.uk/government/announcements",
      "country": "UK",
      "source": "government",
      "scraped_at": "2025-04-19T02:14:41.940186",
      "sentiment": "neutral"
    },
    {
      "topic": "global economy",
      "title": "Global economy, world economy | TheGlobalEconomy.com",
      "url": "https://www.theglobaleconomy.com/",
      "snippet": "Information on the global economy with data on over 400 indicators, updated regularly, for over 200 countries as well as interactive tools, articles, ...",
      "source": "serpapi",
      "timestamp": "2025-04-19T02:14:42.748138",
      "sentiment": "neutral"
    },
    {
      "topic": "global economy",
      "title": "Global Economy",
      "url": "https://www.ft.com/global-economy",
      "snippet": "News and top stories on the state of the global economy. The latest economic data, reports and updates from countries around the world, on jobs, trade, ...",
      "source": "serpapi",
      "timestamp": "2025-04-19T02:14:42.748230",
      "sentiment": "positive"
    },
    {
      "topic": "global economy",
      "title": "World economy",
      "url": "https://en.wikipedia.org/wiki/World_economy",
      "snippet": "The world economy or global economy is the economy of all humans in the world, referring to the global economic system.",
      "source": "serpapi",
      "timestamp": "2025-04-19T02:14:42.748274",
      "sentiment": "neutral"
    },
    {
      "topic": "global economy",
      "title": "Global Economic Prospects",
      "url": "https://www.worldbank.org/en/publication/global-economic-prospects",
      "snippet": "Global growth is expected to hold steady at 2.7 percent in 2025-26. However, the global economy appears to be settling at a low growth rate.",
      "source": "serpapi",
      "timestamp": "2025-04-19T02:14:42.748315",
      "sentiment": "neutral"
    },
    {
      "topic": "global economy",
      "title": "The World Economic Forum",
      "url": "https://www.weforum.org/",
      "snippet": "Our mission: We bring together government, businesses and civil society to improve the state of the world.",
      "source": "serpapi",
      "timestamp": "2025-04-19T02:14:42.748356",
      "sentiment": "neutral"
    },
    {
      "topic": "global economy",
      "title": "World Economic Outlook - All Issues",
      "url": "https://www.imf.org/en/Publications/WEO",
      "snippet": "Description: The January 2023 World Economic Outlook Update projects that global growth will fall to 2.9 percent in 2023 but rise to 3.1 percent in 2024. The ...",
      "source": "serpapi",
      "timestamp": "2025-04-19T02:14:42.748397",
      "sentiment": "neutral"
    },
    {
      "topic": "global economy",
      "title": "How does the global economy work?",
      "url": "https://www.edology.com/blog/accounting-finance/how-does-global-economy-work/",
      "snippet": "The global economy refers to the interconnected worldwide economic activities that take place between multiple countries. These economic activities can have ...",
      "source": "serpapi",
      "timestamp": "2025-04-19T02:14:42.748438",
      "sentiment": "neutral"
    },
    {
      "topic": "global economy",
      "title": "THE GLOBAL ECONOMY | English meaning",
      "url": "https://dictionary.cambridge.org/dictionary/english/global-economy",
      "snippet": "THE GLOBAL ECONOMY definition: the system of industry and trade around the world that has developed as the result of globalization\u2026. Learn more.",
      "source": "serpapi",
      "timestamp": "2025-04-19T02:14:42.748496",
      "sentiment": "neutral"
    },
    {
      "topic": "geopolitical tensions",
      "title": "Top Geopolitical Risks of 2025",
      "url": "https://www.spglobal.com/en/research-insights/market-insights/geopolitical-risk",
      "snippet": "The world is changing. Geopolitical fragmentation is being fueled by COVID-19, the war in Ukraine, U.S.-China relations and more.",
      "source": "serpapi",
      "timestamp": "2025-04-19T02:14:43.279352",
      "sentiment": "neutral"
    },
    {
      "topic": "geopolitical tensions",
      "title": "How are geopolitical risks affecting the world economy?",
      "url": "https://www.economicsobservatory.com/how-are-geopolitical-risks-affecting-the-world-economy",
      "snippet": "Geopolitical risks posed by elections, polarisation and conflicts within and between states have inevitable knock-on effects on the economy, both globally and ...",
      "source": "serpapi",
      "timestamp": "2025-04-19T02:14:43.279447",
      "sentiment": "neutral"
    },
    {
      "topic": "geopolitical tensions",
      "title": "How Geopolitical Risks Influence the Global Community",
      "url": "https://geopoliticalfutures.com/risk/",
      "snippet": "Geopolitical risks are defined as the potential political, economic, military, and social risks that can emerge from a nation's involvement in international ...",
      "source": "serpapi",
      "timestamp": "2025-04-19T02:14:43.279487",
      "sentiment": "neutral"
    },
    {
      "topic": "geopolitical tensions",
      "title": "Geopolitical Risk Dashboard | BlackRock Investment Institute",
      "url": "https://www.blackrock.com/corporate/insights/blackrock-investment-institute/interactive-charts/geopolitical-risk-dashboard",
      "snippet": "Tensions escalate meaningfully over Taiwan or in the South China Sea. High, U.S.-China military tensions are poised to escalate, in our view.",
      "source": "serpapi",
      "timestamp": "2025-04-19T02:14:43.279526",
      "sentiment": "neutral"
    },
    {
      "topic": "geopolitical tensions",
      "title": "Geopolitical tensions - (AP World History",
      "url": "https://library.fiveable.me/key-terms/ap-world/geopolitical-tensions",
      "snippet": "Geopolitical tensions refer to conflicts and rivalries between nations or regions that arise from their geographical, political, and economic interests.",
      "source": "serpapi",
      "timestamp": "2025-04-19T02:14:43.279564",
      "sentiment": "neutral"
    },
    {
      "topic": "geopolitical tensions",
      "title": "Beyond borders: Assessing the influence of Geopolitical ...",
      "url": "https://www.sciencedirect.com/science/article/pii/S0176268024000521",
      "snippet": "We find that geopolitical tensions and global uncertainty in border countries contribute to the rise of European country's sovereign risk.",
      "source": "serpapi",
      "timestamp": "2025-04-19T02:14:43.279602",
      "sentiment": "neutral"
    },
    {
      "topic": "geopolitical tensions",
      "title": "Geopolitical conflict and its impact on global markets",
      "url": "https://www.usbank.com/investing/financial-perspectives/market-news/russia-ukraine-global-market.html",
      "snippet": "Increasing global tensions tied to trade tensions and ongoing geopolitical conflicts contributed to investor uncertainty about near-term ...",
      "source": "serpapi",
      "timestamp": "2025-04-19T02:14:43.279639",
      "sentiment": "neutral"
    },
    {
      "topic": "geopolitical tensions",
      "title": "Growing geopolitical tensions underscore the need for ...",
      "url": "https://www.iea.org/commentaries/growing-geopolitical-tensions-underscore-the-need-for-stronger-action-on-critical-minerals-security",
      "snippet": "Rising geopolitical tensions are posing growing risks to critical mineral supplies. A wide range of export control measures on critical minerals ...",
      "source": "serpapi",
      "timestamp": "2025-04-19T02:14:43.279676",
      "sentiment": "neutral"
    },
    {
      "topic": "geopolitical tensions",
      "title": "Geopolitical Monitor",
      "url": "https://www.geopoliticalmonitor.com/",
      "snippet": "This week we cover the prospect of Beijing backing down in the US-China trade war; Brazil's tariff preparations; trouble in the Armenia-Azerbaijan peace process ...",
      "source": "serpapi",
      "timestamp": "2025-04-19T02:14:43.279712",
      "sentiment": "negative"
    },
    {
      "topic": "geopolitical tensions",
      "title": "Top geopolitical risks 2025",
      "url": "https://kpmg.com/xx/en/our-insights/risk-and-regulation/top-risks-forecast-2025.html",
      "snippet": "Geopolitical rivalries, trade protectionism, conflict, competition for resources, cyberattacks and climate events place severe strains on ...",
      "source": "serpapi",
      "timestamp": "2025-04-19T02:14:43.279750",
      "sentiment": "neutral"
    },
    {
      "topic": "crypto adoption",
      "title": "2024 Global Crypto Adoption Index",
      "url": "https://www.chainalysis.com/blog/2024-global-crypto-adoption-index/",
      "snippet": "In each year's report, we look at both on- and off-chain data to determine which countries are leading the world in grassroots crypto adoption.",
      "source": "serpapi",
      "timestamp": "2025-04-19T02:14:43.848704",
      "sentiment": "neutral"
    },
    {
      "topic": "crypto adoption",
      "title": "2025 Cryptocurrency Adoption and Consumer Sentiment ...",
      "url": "https://www.security.org/digital-security/cryptocurrency-annual-consumer-report/",
      "snippet": "We conducted our annual cryptocurrency study to see what Americans think about cryptocurrency adoption, regulation, and security at the start of 2025.",
      "source": "serpapi",
      "timestamp": "2025-04-19T02:14:43.848779",
      "sentiment": "neutral"
    },
    {
      "topic": "crypto adoption",
      "title": "2024 Crypto Adoption and Illicit Exposure Report",
      "url": "https://www.trmlabs.com/resources/reports/2024-crypto-adoption-and-illicit-activity-report",
      "snippet": "The 2024 Crypto Adoption and Illicit Exposure Report report examines the shifts and trends shaping cryptocurrency adoption around the world.",
      "source": "serpapi",
      "timestamp": "2025-04-19T02:14:43.848818",
      "sentiment": "neutral"
    },
    {
      "topic": "crypto adoption",
      "title": "The 2023 Global Crypto Adoption Index",
      "url": "https://www.chainalysis.com/blog/2023-global-crypto-adoption-index/",
      "snippet": "The goal of the index is simple: We combine on-chain data and real-world data to measure which countries are leading the world in grassroots crypto adoption.",
      "source": "serpapi",
      "timestamp": "2025-04-19T02:14:43.848855",
      "sentiment": "neutral"
    },
    {
      "topic": "crypto adoption",
      "title": "Crypto Adoption Index | Crypto Wealth Report",
      "url": "https://www.henleyglobal.com/publications/crypto-wealth-report/crypto-adoption-index",
      "snippet": "The Crypto Adoption Index assesses investment migration options for crypto investors who want to craft a portfolio of alternative residence permits and ...",
      "source": "serpapi",
      "timestamp": "2025-04-19T02:14:43.848891",
      "sentiment": "neutral"
    },
    {
      "topic": "crypto adoption",
      "title": "Cryptocurrency Ownership Data - Triple-A",
      "url": "https://www.triple-a.io/cryptocurrency-ownership-data/cryptocurrency-ownership-data",
      "snippet": "As of 2024, we estimated global cryptocurrency ownership rates at an average of 6.8%, with over 560 million cryptocurrencies users worldwide.",
      "source": "serpapi",
      "timestamp": "2025-04-19T02:14:43.848928",
      "sentiment": "neutral"
    },
    {
      "topic": "crypto adoption",
      "title": "Economic freedom or crypto-colonialism? Materialities of ...",
      "url": "https://www.sciencedirect.com/science/article/abs/pii/S0016718524000411",
      "snippet": "On September 7th, 2021, El Salvador became the first nation in the world to adopt Bitcoin as legal tender, opening up its rapidly developing coast to a new form ...",
      "source": "serpapi",
      "timestamp": "2025-04-19T02:14:43.848964",
      "sentiment": "positive"
    },
    {
      "topic": "crypto regulation",
      "title": "Cryptocurrency Regulation: A Guide to U.S. & Global Policies",
      "url": "https://www.britannica.com/money/cryptocurrency-regulation",
      "snippet": "Regulations for crypto are the legal and procedural frameworks that governments enact to shape many different aspects of digital assets.",
      "source": "serpapi",
      "timestamp": "2025-04-19T02:14:44.915824",
      "sentiment": "positive"
    },
    {
      "topic": "crypto regulation",
      "title": "Regulating crypto: Why, how, and who | ...",
      "url": "https://www.brookings.edu/collection/regulating-crypto-why-how-and-who/",
      "snippet": "Allen cautioned against bringing crypto into the regulatory system for fear of giving investors false guarantees around the quality of these assets and markets.",
      "source": "serpapi",
      "timestamp": "2025-04-19T02:14:44.915918",
      "sentiment": "neutral"
    },
    {
      "topic": "crypto regulation",
      "title": "Recent Developments Raise Significant Questions about ...",
      "url": "https://www.moneylaunderingnews.com/2025/03/recent-developments-raise-significant-questions-about-the-future-of-regulation-and-enforcement-of-cryptocurrency/",
      "snippet": "Clearing Agencies and Transfer Agents: The Task Force hopes to improve the intersection of crypto, clearing agency and transfer rules.",
      "source": "serpapi",
      "timestamp": "2025-04-19T02:14:44.915960",
      "sentiment": "neutral"
    },
    {
      "topic": "crypto regulation",
      "title": "Crypto: Regulation",
      "url": "https://www.bloomberg.com/crypto/regulation",
      "snippet": "Crypto \u00b7 Decentralized Finance \u00b7 NFTs \u00b7 Technology \u00b7 Crypto Exchange Kraken Ends US Staking Program in SEC Deal Tiffany Hagler-Geard/Bloomberg.",
      "source": "serpapi",
      "timestamp": "2025-04-19T02:14:44.915998",
      "sentiment": "neutral"
    },
    {
      "topic": "crypto regulation",
      "title": "How are Cryptocurrencies Regulated in the U.S. and the EU?",
      "url": "https://www.dowjones.com/professional/risk/glossary/cryptocurrency/us-eu-regulation/",
      "snippet": "Many countries are starting to collect taxes on capital gains and crack down on financial crimes in the cryptocurrency space.",
      "source": "serpapi",
      "timestamp": "2025-04-19T02:14:44.916036",
      "sentiment": "neutral"
    },
    {
      "topic": "SEC ruling crypto",
      "title": "Crypto Assets",
      "url": "https://www.sec.gov/securities-topics/crypto-assets",
      "snippet": "To settle the SEC's charges, Nexo agreed to pay a $22.5 million penalty and cease its unregistered offer and sale of the EIP to U.S. investors. 1/19/2023. SEC v ...",
      "source": "serpapi",
      "timestamp": "2025-04-19T02:14:45.461362",
      "sentiment": "neutral"
    },
    {
      "topic": "SEC ruling crypto",
      "title": "Crypto Task Force",
      "url": "https://www.sec.gov/about/crypto-task-force",
      "snippet": "The Crypto Task Force seeks to provide clarity on the application of the federal securities laws to the crypto asset market and to recommend practical policy ...",
      "source": "serpapi",
      "timestamp": "2025-04-19T02:14:45.461529",
      "sentiment": "neutral"
    },
    {
      "topic": "SEC ruling crypto",
      "title": "Offerings and Registrations of Securities in the Crypto ...",
      "url": "https://www.sec.gov/newsroom/speeches-statements/cf-crypto-securities-041025",
      "snippet": "SEC rules require a discussion of the material factors that make an investment in the registrant or the offering speculative or risky.[14] In ...",
      "source": "serpapi",
      "timestamp": "2025-04-19T02:14:45.461570",
      "sentiment": "neutral"
    },
    {
      "topic": "SEC ruling crypto",
      "title": "SEC Withdraws from Prominent Crypto Enforcement Amid ...",
      "url": "https://www.corporatesecuritieslawblog.com/2025/02/sec-withdraws-from-prominent-crypto-enforcement-amid-regulatory-shift/",
      "snippet": "The SEC filed its enforcement action against Coinbase in June 2023 under former-Chair Gary Gensler, alleging that the crypto platform violated ...",
      "source": "serpapi",
      "timestamp": "2025-04-19T02:14:45.461611",
      "sentiment": "neutral"
    },
    {
      "topic": "SEC ruling crypto",
      "title": "SEC repeals controversial crypto accounting rules for banks",
      "url": "https://bankingjournal.aba.com/2025/01/sec-repeals-controversial-crypto-accounting-rules-for-banks/",
      "snippet": "SAB 121, published in 2022, required SEC registrants to record an obligation to safeguard the crypto assets that they hold at the fair value of ...",
      "source": "serpapi",
      "timestamp": "2025-04-19T02:14:45.461650",
      "sentiment": "positive"
    },
    {
      "topic": "SEC ruling crypto",
      "title": "SEC Says Bitcoin is NOT a Security | Cryptocurrency Law",
      "url": "https://gordonlaw.com/learn/sec-says-bitcoin-not-security/",
      "snippet": "The U.S. Securities and Exchange Commission declared that Bitcoin is not a security. Jump in to learn more about the decision and its industry impact.",
      "source": "serpapi",
      "timestamp": "2025-04-19T02:14:45.461687",
      "sentiment": "neutral"
    },
    {
      "topic": "SEC ruling crypto",
      "title": "Cyber, Crypto Assets and Emerging Technology",
      "url": "https://www.sec.gov/about/divisions-offices/division-enforcement/cyber-crypto-assets-emerging-technology",
      "snippet": "The SEC's Crypto Task Force seeks to help the Commission provide clarity on the application of the federal securities laws to the crypto asset ...",
      "source": "serpapi",
      "timestamp": "2025-04-19T02:14:45.461724",
      "sentiment": "neutral"
    },
    {
      "topic": "SEC ruling crypto",
      "title": "SEC Declares Bitcoin and Ether as Non-Securities - Cassels",
      "url": "https://cassels.com/insights/sec-declares-bitcoin-and-ether-as-non-securities/",
      "snippet": "William Hinman (Hinman), announced that the commission would not be treating Ether or Bitcoin as securities.",
      "source": "serpapi",
      "timestamp": "2025-04-19T02:14:45.461761",
      "sentiment": "neutral"
    },
    {
      "topic": "SEC ruling crypto",
      "title": "SEC vs. Ripple: A Turning Point for US Crypto Regulation?",
      "url": "https://gordonlaw.com/learn/sec-turning-point-crypto-regulation/",
      "snippet": "In 2024, the SEC intensified its regulatory crackdown, issuing Wells notices and initiating enforcement actions against cryptocurrency firms like Crypto.com, ...",
      "source": "serpapi",
      "timestamp": "2025-04-19T02:14:45.461798",
      "sentiment": "neutral"
    },
    {
      "topic": "court decision cryptocurrency",
      "title": "Crypto in the Courts: Five Cases Reshaping Digital Asset ...",
      "url": "https://katten.com/crypto-in-the-courts-five-cases-reshaping-digital-asset-regulation-in-2025",
      "snippet": "This article examines five cases that may define the future of digital asset regulation in the United States and sets out the issues at stake in those cases.",
      "source": "serpapi",
      "timestamp": "2025-04-19T02:14:45.999336",
      "sentiment": "neutral"
    },
    {
      "topic": "court decision cryptocurrency",
      "title": "Supreme Court turns down plea for cryptocurrency ...",
      "url": "https://m.economictimes.com/markets/cryptocurrency/supreme-court-turns-down-plea-for-cryptocurrency-regulations/articleshow/120338670.cms",
      "snippet": "The Supreme Court on Wednesday refused to examine a plea seeking a regulatory framework on cryptocurrencies and said it couldn't \"lay down ...",
      "source": "serpapi",
      "timestamp": "2025-04-19T02:14:45.999410",
      "sentiment": "neutral"
    },
    {
      "topic": "court decision cryptocurrency",
      "title": "Third Circuit Coinbase Decision Pressures SEC on Crypto ...",
      "url": "https://www.ropesgray.com/en/insights/alerts/2025/01/third-circuit-coinbase-decision-pressures-sec-on-crypto-rulemaking",
      "snippet": "Court's Findings \u00b7 The SEC's disagreement with Coinbase on the application of existing securities laws to digital assets was not well-reasoned.",
      "source": "serpapi",
      "timestamp": "2025-04-19T02:14:45.999449",
      "sentiment": "neutral"
    },
    {
      "topic": "court decision cryptocurrency",
      "title": "Cryptocurrency, Sweepstakes, and the Supreme Court",
      "url": "https://www.consumerfinancialserviceslawmonitor.com/2024/05/cryptocurrency-sweepstakes-and-the-supreme-court-a-tale-of-two-contracts/",
      "snippet": "The decision teaches a cautionary lesson that parties with multiple contracts between them must keep issues of arbitrability consistent between the contracts.",
      "source": "serpapi",
      "timestamp": "2025-04-19T02:14:45.999487",
      "sentiment": "positive"
    },
    {
      "topic": "court decision cryptocurrency",
      "title": "Court Publishes Decision on Mandatory Arbitration Provisions ...",
      "url": "https://consumerlaw.berkeley.edu/news/court-publishes-decision-mandatory-arbitration-provisions-crypto-industry-and-beyond",
      "snippet": "The opinion establishes a clear blueprint for how to successfully bring claims against abusive cryptocurrency companies for violating consumer ...",
      "source": "serpapi",
      "timestamp": "2025-04-19T02:14:45.999523",
      "sentiment": "neutral"
    },
    {
      "topic": "court decision cryptocurrency",
      "title": "Crypto Class Action Certified by Ontario Court of Appeal",
      "url": "https://www.jdsupra.com/legalnews/crypto-class-action-certified-by-1875706/",
      "snippet": "The Decision provides guidance to investors and advisors and identifies some of the legal risks associated with the purchase and sale of crypto ...",
      "source": "serpapi",
      "timestamp": "2025-04-19T02:14:45.999562",
      "sentiment": "neutral"
    },
    {
      "topic": "court decision cryptocurrency",
      "title": "The SEC May Signal New Crypto Enforcement Approach In ...",
      "url": "https://omm.com/insights/alerts-publications/the-sec-may-signal-new-crypto-enforcement-approach-in-upcoming-court-filing/",
      "snippet": "The district court in SEC v. Coinbase found that the digital asset industry did not have the required significance. ... But Coinbase has appealed ...",
      "source": "serpapi",
      "timestamp": "2025-04-19T02:14:45.999598",
      "sentiment": "neutral"
    },
    {
      "topic": "court decision cryptocurrency",
      "title": "precedential",
      "url": "https://www2.ca3.uscourts.gov/opinarch/233202p.pdf",
      "snippet": "At a minimum, the SEC claimed that a digital asset is a security, and thus subject to the federal securities laws, if it is an \u201cinvestment ...",
      "source": "serpapi",
      "timestamp": "2025-04-19T02:14:45.999635",
      "sentiment": "neutral"
    },
    {
      "topic": "court decision cryptocurrency",
      "title": "Appeals Court Reverses the SEC's Rejection of ...",
      "url": "https://www.winston.com/en/blogs-and-podcasts/non-fungible-insights-blockchain-decrypted/appeals-court-reverses-the-secs-rejection-of-grayscales-spot-bitcoin-etf-proposal",
      "snippet": "The three-judge panel unanimously concluded that the Commission failed to provide a \u201ccoherent explanation\u201d as to why it approved bitcoin futures ETFs, but not ...",
      "source": "serpapi",
      "timestamp": "2025-04-19T02:14:45.999671",
      "sentiment": "neutral"
    },
    {
      "topic": "gold price",
      "title": "Gold Price Charts & Historical Data - GoldPrice.org",
      "url": "https://goldprice.org/",
      "snippet": "GOLDPRICE.ORG - The No. 1 gold price site for fast loading live gold price charts in ounces, grams and kilos in every national currency in the world.",
      "source": "serpapi",
      "timestamp": "2025-04-19T02:14:46.537851",
      "sentiment": "neutral"
    },
    {
      "topic": "gold price",
      "title": "Price of Gold Per Ounce | 24 Hour Spot Chart",
      "url": "https://www.kitco.com/charts/gold",
      "snippet": "Live Gold Charts and Gold Spot Price from International Gold Markets, Prices from New York, London, Hong Kong and Sydney provided by Kitco.",
      "source": "serpapi",
      "timestamp": "2025-04-19T02:14:46.537926",
      "sentiment": "neutral"
    },
    {
      "topic": "gold price",
      "title": "Gold Price Chart. Spot and Physical ...",
      "url": "https://www.veracash.com/gold-price-and-chart",
      "snippet": "Today, the spot price for a gold ounce is \u20ac2,927.77 and US$3,327.27. The price for an ounce of GoldPremium is \u20ac3,068.31 and US$3,486.98.",
      "source": "serpapi",
      "timestamp": "2025-04-19T02:14:46.537965",
      "sentiment": "neutral"
    },
    {
      "topic": "gold price",
      "title": "Gold Price Today | Gold Spot Price Charts",
      "url": "https://www.apmex.com/gold-price",
      "snippet": "Gold Spot Price ; Gold Price Per Ounce. $3,343.60 USD, - ($13.40) USD ; Gold Price Per Gram. $107.50 USD, - ($0.43) USD ; Gold Price Per Kilo. $107,499.16 USD, - ...",
      "source": "serpapi",
      "timestamp": "2025-04-19T02:14:46.538002",
      "sentiment": "neutral"
    },
    {
      "topic": "gold price",
      "title": "Gold price today drops big. Why has gold rate recorded ...",
      "url": "https://m.economictimes.com/news/international/us/gold-price-today-drops-big-why-has-gold-rate-recorded-sharp-fall-from-historic-high/articleshow/120385775.cms",
      "snippet": "Gold prices surged 3.6 per cent on Wednesday, driven by U.S. President Donald Trump's order to open a probe into potential tariffs on all ...",
      "source": "serpapi",
      "timestamp": "2025-04-19T02:14:46.538039",
      "sentiment": "neutral"
    },
    {
      "topic": "central bank gold reserve",
      "title": "Central Banks Gold Reserves by Country",
      "url": "https://www.gold.org/goldhub/data/gold-reserves-by-country",
      "snippet": "Gold is an important component of central bank reserves because of its safety, liquidity and return characteristics \u2013 the three key investment ...",
      "source": "serpapi",
      "timestamp": "2025-04-19T02:14:47.064818",
      "sentiment": "positive"
    },
    {
      "topic": "central bank gold reserve",
      "title": "Gold reserve",
      "url": "https://en.wikipedia.org/wiki/Gold_reserve",
      "snippet": "A gold reserve is the gold held by a national central bank, intended mainly as a guarantee to redeem promises to pay depositors, note holders",
      "source": "serpapi",
      "timestamp": "2025-04-19T02:14:47.064891",
      "sentiment": "neutral"
    },
    {
      "topic": "central bank gold reserve",
      "title": "Top 10 Central Bank Gold Reserves | INN",
      "url": "https://investingnews.com/daily/resource-investing/precious-metals-investing/gold-investing/top-central-bank-gold-holdings/",
      "snippet": "Global central banks own about 17 percent of all the gold ever mined, with reserves topping 37,755 metric tons (MT) at the end of 2024. They ...",
      "source": "serpapi",
      "timestamp": "2025-04-19T02:14:47.064930",
      "sentiment": "neutral"
    },
    {
      "topic": "central bank gold reserve",
      "title": "Central banks stay bullish on bullion in January",
      "url": "https://www.gold.org/goldhub/gold-focus/2025/03/central-banks-stay-bullish-bullion-january",
      "snippet": "The Central Bank of Uzbekistan reported 8t net purchases in January, with its gold holdings totalling 391t or 82% of its reserves. Sustained ...",
      "source": "serpapi",
      "timestamp": "2025-04-19T02:14:47.064966",
      "sentiment": "neutral"
    },
    {
      "topic": "central bank gold reserve",
      "title": "Gold Reserves - Countries - List",
      "url": "https://tradingeconomics.com/country-list/gold-reserves",
      "snippet": "This page displays a table with actual values, consensus figures, forecasts, statistics and historical data charts for - Gold Reserves.",
      "source": "serpapi",
      "timestamp": "2025-04-19T02:14:47.065004",
      "sentiment": "neutral"
    },
    {
      "topic": "central bank gold reserve",
      "title": "Gold Vault - FEDERAL RESERVE BANK of NEW YORK",
      "url": "https://www.newyorkfed.org/aboutthefed/goldvault.html",
      "snippet": "None of the gold stored in the vault belongs to the New York Fed or the Federal Reserve System. The New York Fed acts as the guardian and custodian of the gold ...",
      "source": "serpapi",
      "timestamp": "2025-04-19T02:14:47.065043",
      "sentiment": "neutral"
    },
    {
      "topic": "central bank gold reserve",
      "title": "Total reserves (includes gold, current US$)",
      "url": "https://data.worldbank.org/indicator/FI.RES.TOTL.CD",
      "snippet": "Total reserves minus gold (current US$), Bank liquid reserves to bank assets ratio (%), Bank nonperforming loans to total gross loans (%).",
      "source": "serpapi",
      "timestamp": "2025-04-19T02:14:47.065079",
      "sentiment": "neutral"
    },
    {
      "topic": "trade tariffs",
      "title": "Trump tariffs live updates: US moves to levy Chinese ships ...",
      "url": "https://finance.yahoo.com/news/live/trump-tariffs-live-updates-us-moves-to-levy-chinese-ships-as-trump-softens-rhetoric-191201419.html",
      "snippet": "The tit-for-tat between the world's two largest economies has intensified: China raised its duties on imports of US goods to 125% from 84%, ...",
      "source": "serpapi",
      "timestamp": "2025-04-19T02:14:48.036811",
      "sentiment": "neutral"
    },
    {
      "topic": "trade tariffs",
      "title": "In China's 'Christmas Town,' Trump's tariffs are dimming the ...",
      "url": "https://www.cnn.com/2025/04/18/business/yiwu-china-market-impact-trump-tariffs-intl-hnk-dst/index.html",
      "snippet": "America's overall tariffs on China now exceed a staggering 145%, the highest trade penalties imposed by the US in nearly a century, with Trump' ...",
      "source": "serpapi",
      "timestamp": "2025-04-19T02:14:48.036888",
      "sentiment": "neutral"
    },
    {
      "topic": "trade tariffs",
      "title": "Fact Sheet: President Donald J. Trump Declares National ...",
      "url": "https://www.whitehouse.gov/fact-sheets/2025/04/fact-sheet-president-donald-j-trump-declares-national-emergency-to-increase-our-competitive-edge-protect-our-sovereignty-and-strengthen-our-national-and-economic-security/",
      "snippet": "Monetary tariffs and non-monetary tariffs are two distinct types of trade barriers that governments use to regulate imports and exports. ...",
      "source": "serpapi",
      "timestamp": "2025-04-19T02:14:48.036927",
      "sentiment": "neutral"
    },
    {
      "topic": "trade tariffs",
      "title": "President Trump Announces Then Suspends Reciprocal ...",
      "url": "https://www.wilmerhale.com/en/insights/client-alerts/20250417-president-trump-announces-then-suspends-reciprocal-tariffs-defers-tariffs-on-certain-electronics-and-increases-tariffs-on-china",
      "snippet": "The Trump Administration launched three national security investigations under Section 232 and imposed reciprocal tariffs, with negotiations ...",
      "source": "serpapi",
      "timestamp": "2025-04-19T02:14:48.036964",
      "sentiment": "neutral"
    },
    {
      "topic": "trade tariffs",
      "title": "US tariffs will make global trade shrink, says WTO",
      "url": "https://www.bbc.com/news/articles/cjewdy2zw3go",
      "snippet": "The World Trade Organization (WTO) has forecast that global trade will fall this year because of US President Donald Trump's tariffs.",
      "source": "serpapi",
      "timestamp": "2025-04-19T02:14:48.037002",
      "sentiment": "neutral"
    },
    {
      "topic": "trade tariffs",
      "title": "Trump 2.0 tariff tracker | Trade Compliance ...",
      "url": "https://www.tradecomplianceresourcehub.com/2025/04/18/trump-2-0-tariff-tracker/",
      "snippet": "Mar. 24, 2025: President Trump signed an executive order granting the Secretary of State discretion to impose a 25% tariff on imports of goods ...",
      "source": "serpapi",
      "timestamp": "2025-04-19T02:14:48.037039",
      "sentiment": "neutral"
    },
    {
      "topic": "trade tariffs",
      "title": "Trump tariffs will send global trade into reverse this year ...",
      "url": "https://www.theguardian.com/us-news/2025/apr/16/trump-tariffs-will-send-global-trade-into-reverse-this-year-warns-wto",
      "snippet": "The US has imposed tariffs of 10% on all imports, with much higher rates for China totalling 145%, and on specific sectors including cars and ...",
      "source": "serpapi",
      "timestamp": "2025-04-19T02:14:48.037076",
      "sentiment": "neutral"
    },
    {
      "topic": "trade tariffs",
      "title": "Presidential Tariff Actions",
      "url": "https://ustr.gov/issue-areas/presidential-tariff-actions",
      "snippet": "Presidential Tariff Actions \u00b7 2025 Trade Policy Agenda and 2024 Annual Report \u00b7 2025 National Trade Estimate Report on Foreign Trade Barriers. USTR Press ...",
      "source": "serpapi",
      "timestamp": "2025-04-19T02:14:48.037111",
      "sentiment": "neutral"
    }
  ],
  "total_posts_analyzed": 70
}