{
  "timestamp": "2025-04-19T07:08:22.181006",
  "symbol": "BTC/USDT",
  "average_sentiment_score": 0.0,
  "fear_greed_index": [
    {
      "value": 32,
      "classification": "Fear",
      "timestamp_unix": 1745020800,
      "datetime": "2025-04-19T00:00:00"
    }
  ],
  "dxy_strength_score": null,
  "macro_news_sentiment": [
    {
      "title": "Experimental AI could help councils meet housing targets by digitising records",
      "url": "https://www.gov.uk/government/announcements",
      "country": "UK",
      "source": "government",
      "scraped_at": "2025-04-19T07:08:12.801086",
      "sentiment": "neutral"
    },
    {
      "title": "Victory inn Europe! Pubs to stay open later as part of VE 80 Celebrations",
      "url": "https://www.gov.uk/government/announcements",
      "country": "UK",
      "source": "government",
      "scraped_at": "2025-04-19T07:08:12.801153",
      "sentiment": "neutral"
    },
    {
      "title": "PM call with President Trump of the United States: 18 April 2025",
      "url": "https://www.gov.uk/government/announcements",
      "country": "UK",
      "source": "government",
      "scraped_at": "2025-04-19T07:08:12.801184",
      "sentiment": "neutral"
    },
    {
      "title": "Homes fit for heroes: Raft of news measures to improve military family housing",
      "url": "https://www.gov.uk/government/announcements",
      "country": "UK",
      "source": "government",
      "scraped_at": "2025-04-19T07:08:12.801212",
      "sentiment": "positive"
    },
    {
      "title": "Senior Traffic Commissioner launches consultation to review approach in determining a driver\u2019s suitability",
      "url": "https://www.gov.uk/government/announcements",
      "country": "UK",
      "source": "government",
      "scraped_at": "2025-04-19T07:08:12.801239",
      "sentiment": "neutral"
    },
    {
      "title": "The UK is deeply concerned by the destabilising activities of Libyan security actors and armed groups: UK statement at the UN Security Council",
      "url": "https://www.gov.uk/government/announcements",
      "country": "UK",
      "source": "government",
      "scraped_at": "2025-04-19T07:08:12.801268",
      "sentiment": "neutral"
    },
    {
      "title": "Man who stabbed two strangers has sentence more than doubled after intervention by the Solicitor General",
      "url": "https://www.gov.uk/government/announcements",
      "country": "UK",
      "source": "government",
      "scraped_at": "2025-04-19T07:08:12.801295",
      "sentiment": "negative"
    },
    {
      "title": "Dangerous driver who killed passenger has sentence increased following intervention by Solicitor General",
      "url": "https://www.gov.uk/government/announcements",
      "country": "UK",
      "source": "government",
      "scraped_at": "2025-04-19T07:08:12.801322",
      "sentiment": "negative"
    },
    {
      "title": "Site checks after suspension notice served",
      "url": "https://www.gov.uk/government/announcements",
      "country": "UK",
      "source": "government",
      "scraped_at": "2025-04-19T07:08:12.801349",
      "sentiment": "neutral"
    },
    {
      "title": "Flu and COVID-19 surveillance reports bulletin 2025",
      "url": "https://www.gov.uk/government/announcements",
      "country": "UK",
      "source": "government",
      "scraped_at": "2025-04-19T07:08:12.801376",
      "sentiment": "neutral"
    }
  ],
  "total_posts_analyzed": 0
}