[
  {
    "title": "China targets U.S. services and other areas after decrying 'meaningless' tariff hikes on goods",
    "url": "https://www.cnbc.com/2025/04/17/china-targets-us-services-and-other-areas-after-decrying-meaningless-tariff-hikes-on-goods-.html",
    "source": "CNBC",
    "timestamp": "2025-04-17T03:52:06.699415"
  },
  {
    "title": "South Korea warns of growth slowdown as it holds rates to shore up won",
    "url": "https://www.cnbc.com/2025/04/17/bok-holds-rates-as-country-grapples-with-us-tariffs-and-election.html",
    "source": "CNBC",
    "timestamp": "2025-04-17T03:52:06.699517"
  },
  {
    "title": "Tariffs are just one weapon in a trade war",
    "url": "https://www.cnbc.com/2025/04/17/cnbc-daily-open-tariffs-are-just-one-weapon-in-a-trade-war-.html",
    "source": "CNBC",
    "timestamp": "2025-04-17T03:52:06.699575"
  },
  {
    "title": "Thursday\u2019s stock stories: What\u2019s likely to move the market in the next session",
    "url": "https://www.cnbc.com/2025/04/16/thursdays-big-stock-stories-whats-likely-to-move-the-market.html",
    "source": "CNBC",
    "timestamp": "2025-04-17T03:52:06.699632"
  },
  {
    "title": "Japan exports growth misses expectations, rising by a modest 3.9% in March as tariffs bite",
    "url": "https://www.cnbc.com/2025/04/17/japan-exports-growth-misses-expectations-in-march-as-tariffs-bite.html",
    "source": "CNBC",
    "timestamp": "2025-04-17T03:52:06.699685"
  },
  {
    "title": "Asia markets rise after Wall Street slides overnight",
    "url": "https://www.cnbc.com/2025/04/17/asia-markets-live-stocks-set-to-fall.html",
    "source": "CNBC",
    "timestamp": "2025-04-17T03:52:06.699736"
  },
  {
    "title": "Even with tariffs looming, Jim Cramer says consumer companies must cut prices",
    "url": "https://www.cnbc.com/2025/04/16/even-with-tariffs-looming-jim-cramer-says-consumer-companies-must-cut-prices.html",
    "source": "CNBC",
    "timestamp": "2025-04-17T03:52:06.699789"
  },
  {
    "title": "Trump's tariff policies have put Big Tech in a jam, Jim Cramer says",
    "url": "https://www.cnbc.com/2025/04/16/trumps-tariff-policies-have-put-big-tech-in-a-jam-jim-cramer-says-.html",
    "source": "CNBC",
    "timestamp": "2025-04-17T03:52:06.699845"
  },
  {
    "title": "Food is going \u2018nature positive\u2019 with 'upcycled' potato chips and more",
    "url": "https://www.cnbc.com/2025/04/17/what-is-upcycled-food-leftovers-can-now-be-turned-into-ingredients.html",
    "source": "CNBC",
    "timestamp": "2025-04-17T03:52:06.699896"
  },
  {
    "title": "Cramer's Lightning Round: American Financial Group is a buy",
    "url": "https://www.cnbc.com/2025/04/16/cramers-lightning-round-american-financial-group-is-a-buy.html",
    "source": "CNBC",
    "timestamp": "2025-04-17T03:52:06.699947"
  },
  {
    "title": "Nvidia says it follows export laws 'to the letter' after AI chip sales to China end",
    "url": "https://www.cnbc.com/2025/04/16/nvidia-follows-export-laws-to-the-letter-after-china-chip-sales-end.html",
    "source": "CNBC",
    "timestamp": "2025-04-17T03:52:06.699996"
  },
  {
    "title": "Former CISA chief Krebs leaves SentinelOne after Trump executive order",
    "url": "https://www.cnbc.com/2025/04/16/former-cisa-chief-krebs-leaves-sentinelone-after-trump-exec-order.html",
    "source": "CNBC",
    "timestamp": "2025-04-17T03:52:06.700046"
  },
  {
    "title": "Stock futures rise after major averages tumble in tech sector sell-off",
    "url": "https://www.cnbc.com/2025/04/16/stock-market-today-live-updates.html",
    "source": "CNBC",
    "timestamp": "2025-04-17T03:52:06.700095"
  },
  {
    "title": "Hertz shares surge more than 50% after Ackman takes stake in rental car firm",
    "url": "https://www.cnbc.com/2025/04/16/-hertz-surges-after-bill-ackman-takes-big-stake-in-the-rental-car-firm.html",
    "source": "CNBC",
    "timestamp": "2025-04-17T03:52:06.700143"
  },
  {
    "title": "Brace for more volatility with these defensive trades",
    "url": "https://www.cnbc.com/2025/04/16/brace-for-more-volatility-with-these-defensive-trades.html",
    "source": "CNBC",
    "timestamp": "2025-04-17T03:52:06.700192"
  },
  {
    "title": "Here's an update on all 29 portfolio stocks, including potential buys on weakness",
    "url": "https://www.cnbc.com/2025/04/16/heres-a-rapid-fire-update-on-all-29-portfolio-stocks-including-potential-buys-on-weakness.html",
    "source": "CNBC",
    "timestamp": "2025-04-17T03:52:06.700262"
  },
  {
    "title": "4 Money traps to avoid in market, according to \u2018Fast Money\u2019 trader Tim Seymour",
    "url": "https://www.cnbc.com/2025/04/16/4-money-traps-to-avoid-in-the-market-fast-money-trader-tim-seymour.html",
    "source": "CNBC",
    "timestamp": "2025-04-17T03:52:06.700316"
  },
  {
    "title": "John Boyega had less than $20 in his bank account when he landed 'Star Wars'",
    "url": "https://www.cnbc.com/2025/04/16/john-boyega-had-less-than-20-when-he-landed-star-wars.html",
    "source": "CNBC",
    "timestamp": "2025-04-17T03:52:06.700367"
  },
  {
    "title": "Nissan aims to 'max out' U.S. production plant amid Trump's tariffs",
    "url": "https://www.cnbc.com/2025/04/16/nissan-us-production-plant-trump-tariffs.html",
    "source": "CNBC",
    "timestamp": "2025-04-17T03:52:06.700417"
  },
  {
    "title": "Temu cuts U.S. ad spend, drops in App Store rankings after Trump China tariffs",
    "url": "https://www.cnbc.com/2025/04/16/temu-cuts-us-ad-spend-drops-in-app-store-rank-after-trump-tariffs-.html",
    "source": "CNBC",
    "timestamp": "2025-04-17T03:52:06.700465"
  },
  {
    "title": "OpenAI in talks to pay about $3 billion to acquire AI coding startup Windsurf",
    "url": "https://www.cnbc.com/2025/04/16/openai-in-talks-to-pay-about-3-billion-to-acquire-startup-windsurf.html",
    "source": "CNBC",
    "timestamp": "2025-04-17T03:52:06.700513"
  },
  {
    "title": "Cramer: I'm retiring my 'own it, don't trade it' mantra on 2 of our biggest stocks",
    "url": "https://www.cnbc.com/2025/04/16/jim-cramer-retiring-own-it-dont-trade-it-on-apple-and-nvidia.html",
    "source": "CNBC",
    "timestamp": "2025-04-17T03:52:06.700561"
  },
  {
    "title": "This is a tax-free play on the artificial intelligence boom, says Nuveen",
    "url": "https://www.cnbc.com/2025/04/16/this-is-an-early-innings-tax-free-play-on-the-artificial-intelligence-boom-says-nuveen.html",
    "source": "CNBC",
    "timestamp": "2025-04-17T03:52:06.700610"
  },
  {
    "title": "A massive rally in gold miners could soon begin to slow down, charts show",
    "url": "https://www.cnbc.com/2025/04/16/a-massive-rally-in-gold-miners-could-soon-begin-to-slow-down-according-to-the-charts.html",
    "source": "CNBC",
    "timestamp": "2025-04-17T03:52:06.700659"
  },
  {
    "title": "Here's why retirees shouldn't fully ditch stocks",
    "url": "https://www.cnbc.com/2025/04/16/heres-why-retirees-shouldnt-fully-ditch-stocks.html",
    "source": "CNBC",
    "timestamp": "2025-04-17T03:52:06.700707"
  },
  {
    "title": "Trade war fallout: Cancellations of China freight ships begin as demand plummets",
    "url": "https://www.cnbc.com/2025/04/16/trade-war-fallout-china-freight-ship-decline-begins-orders-plummet.html",
    "source": "CNBC",
    "timestamp": "2025-04-17T03:52:06.700756"
  },
  {
    "title": "Powell indicates tariffs could pose a two-pronged policy challenge for the Fed",
    "url": "https://www.cnbc.com/2025/04/16/powell-indicates-tariffs-could-pose-a-two-pronged-policy-challenge-for-the-fed-.html",
    "source": "CNBC",
    "timestamp": "2025-04-17T03:52:06.700804"
  },
  {
    "title": "Abbott Labs shares surge on earnings and a big sign of confidence in the business",
    "url": "https://www.cnbc.com/2025/04/16/abbott-labs-shares-surge-on-earnings-and-a-big-sign-of-confidence-in-the-business.html",
    "source": "CNBC",
    "timestamp": "2025-04-17T03:52:06.700851"
  },
  {
    "title": "Buy these stocks that are likely to beat earnings estimates, per Piper Sandler",
    "url": "https://www.cnbc.com/2025/04/16/buy-these-stocks-likely-to-beat-earnings-estimates-per-piper-sandler.html",
    "source": "CNBC",
    "timestamp": "2025-04-17T03:52:06.700899"
  },
  {
    "title": "Melinda French Gates: I rely on Warren Buffett's advice when 'I get tough on myself'",
    "url": "https://www.cnbc.com/2025/04/16/warren-buffett-gave-melinda-french-gates-this-advice.html",
    "source": "CNBC",
    "timestamp": "2025-04-17T03:52:06.700947"
  },
  {
    "title": "Stock futures rise after major averages tumble in tech sector sell-off: Live updates",
    "url": "https://www.cnbc.com/2025/04/16/stock-market-today-live-updates.html",
    "source": "CNBC",
    "timestamp": "2025-04-17T03:52:06.700995"
  },
  {
    "title": "Powell indicates tariffs could pose a challenge for the Fed between controlling inflation and...",
    "url": "https://www.cnbc.com/2025/04/16/powell-indicates-tariffs-could-pose-a-two-pronged-policy-challenge-for-the-fed-.html",
    "source": "CNBC",
    "timestamp": "2025-04-17T03:52:06.701044"
  },
  {
    "title": "Wall Street fear gauge out of 'crisis zone,' but more confidence is needed, DataTrek says",
    "url": "https://www.cnbc.com/2025/04/16/wall-street-fear-gauge-out-of-crisis-zone-but-more-confidence-is-needed-datatrek-says.html",
    "source": "CNBC",
    "timestamp": "2025-04-17T03:52:06.701092"
  },
  {
    "title": "Watch Fed Chair Powell speak live on policy to the Economic Club of Chicago",
    "url": "https://www.cnbc.com/2025/04/16/watch-fed-chair-powell-speak-live-on-policy-to-the-economic-club-of-chicago.html",
    "source": "CNBC",
    "timestamp": "2025-04-17T03:52:06.701141"
  },
  {
    "title": "Business and tech leaders discuss the challenges and opportunities presented by AI's widespread adoption",
    "url": "https://www.cnbc.com/video/2025/04/16/business-leaders-discuss-the-implications-of-ais-widespread-adoption.html",
    "source": "CNBC",
    "timestamp": "2025-04-17T03:52:06.701189"
  },
  {
    "title": "Mobile World Congress 2025: Highlights from CNBC's coverage from Barcelona",
    "url": "https://www.cnbc.com/video/2025/03/14/mobile-world-congress-2025-cnbc-coverage-highlights-from-barcelona.html",
    "source": "CNBC",
    "timestamp": "2025-04-17T03:52:06.701237"
  },
  {
    "title": "The business leaders looking to turn waste into profit",
    "url": "https://www.cnbc.com/video/2025/04/15/what-business-leaders-said-about-sustainability-at-converge-live.html",
    "source": "CNBC",
    "timestamp": "2025-04-17T03:52:06.701285"
  },
  {
    "title": "Monte dei Paschi is in control of its own destiny, says CEO",
    "url": "https://www.cnbc.com/video/2025/04/15/monte-dei-paschi-is-in-control-of-its-own-destiny-says-ceo.html",
    "source": "CNBC",
    "timestamp": "2025-04-17T03:52:06.701333"
  },
  {
    "title": "Sports and esports leaders talk boosting fanbases and the role of tech",
    "url": "https://www.cnbc.com/video/2025/04/10/sports-and-esports-leaders-talk-boosting-fanbases-and-the-role-of-tech.html",
    "source": "CNBC",
    "timestamp": "2025-04-17T03:52:06.701381"
  },
  {
    "title": "Customers could end up paying for data centers' energy costs in the absence of reform: Experts",
    "url": "https://www.cnbc.com/2025/04/16/customers-could-pay-for-data-centers-energy-costs-without-reform.html",
    "source": "CNBC",
    "timestamp": "2025-04-17T03:52:06.701428"
  },
  {
    "title": "'Good chance' of UK-U.S. trade deal, JD Vance says, as Trump 'really loves' Britain",
    "url": "https://www.cnbc.com/2025/04/15/good-chance-of-uk-us-trade-deal-jd-vance-says-as-trump-really-loves-britain.html",
    "source": "CNBC",
    "timestamp": "2025-04-17T03:52:06.701476"
  },
  {
    "title": "UK economy expands by 0.5% in February, more than expected",
    "url": "https://www.cnbc.com/2025/04/11/uk-gdp-february-2025.html",
    "source": "CNBC",
    "timestamp": "2025-04-17T03:52:06.701524"
  },
  {
    "title": "World's first-ever global emissions tax is on the table at crunch shipping talks",
    "url": "https://www.cnbc.com/2025/04/09/carbon-tax-first-ever-global-emissions-levy-on-the-table-at-imo-talks.html",
    "source": "CNBC",
    "timestamp": "2025-04-17T03:52:06.701572"
  },
  {
    "title": "British carmaker Jaguar Land Rover pauses U.S. shipments over Trump tariffs",
    "url": "https://www.cnbc.com/2025/04/06/trump-tariffs-britains-jaguar-land-rover-suspends-us-shipments.html",
    "source": "CNBC",
    "timestamp": "2025-04-17T03:52:06.701620"
  },
  {
    "title": "Business and tech leaders discuss the challenges and opportunities presented by AI's widespread adoption",
    "url": "https://www.cnbc.com/video/2025/04/16/business-leaders-discuss-the-implications-of-ais-widespread-adoption.html",
    "source": "CNBC",
    "timestamp": "2025-04-17T03:52:06.701667"
  },
  {
    "title": "The business leaders looking to turn waste into profit",
    "url": "https://www.cnbc.com/video/2025/04/15/what-business-leaders-said-about-sustainability-at-converge-live.html",
    "source": "CNBC",
    "timestamp": "2025-04-17T03:52:06.701715"
  },
  {
    "title": "Sports and esports leaders talk boosting fanbases and the role of tech",
    "url": "https://www.cnbc.com/video/2025/04/10/sports-and-esports-leaders-talk-boosting-fanbases-and-the-role-of-tech.html",
    "source": "CNBC",
    "timestamp": "2025-04-17T03:52:06.701762"
  },
  {
    "title": "Pony.ai CEO James Peng on rapidly developing autonomous driving space",
    "url": "https://www.cnbc.com/video/2025/04/09/ponyai-ceo-james-peng-on-rapidly-developing-autonomous-driving-space.html",
    "source": "CNBC",
    "timestamp": "2025-04-17T03:52:06.701809"
  },
  {
    "title": "Alibaba's Joe Tsai on sports investing, the future of AI and the Chinese economy",
    "url": "https://www.cnbc.com/video/2025/04/08/alibabas-joe-tsai-on-the-future-of-ai-and-the-chinese-economy.html",
    "source": "CNBC",
    "timestamp": "2025-04-17T03:52:06.701859"
  },
  {
    "title": "Brace for more volatility with these defensive trades",
    "url": "https://www.cnbc.com/2025/04/16/brace-for-more-volatility-with-these-defensive-trades.html",
    "source": "CNBC",
    "timestamp": "2025-04-17T03:52:06.701906"
  },
  {
    "title": "Buy these stocks that are likely to beat earnings estimates, per Piper Sandler",
    "url": "https://www.cnbc.com/2025/04/16/buy-these-stocks-likely-to-beat-earnings-estimates-per-piper-sandler.html",
    "source": "CNBC",
    "timestamp": "2025-04-17T03:52:06.701953"
  },
  {
    "title": "This is a tax-free play on the artificial intelligence boom, says Nuveen",
    "url": "https://www.cnbc.com/2025/04/16/this-is-an-early-innings-tax-free-play-on-the-artificial-intelligence-boom-says-nuveen.html",
    "source": "CNBC",
    "timestamp": "2025-04-17T03:52:06.702005"
  },
  {
    "title": "A massive rally in gold miners could soon begin to slow down, charts show",
    "url": "https://www.cnbc.com/2025/04/16/a-massive-rally-in-gold-miners-could-soon-begin-to-slow-down-according-to-the-charts.html",
    "source": "CNBC",
    "timestamp": "2025-04-17T03:52:06.702056"
  },
  {
    "title": "How to navigate this tough market \u2014 Get your ticket for Pro Live!",
    "url": "https://www.cnbc.com/2025/03/11/step-inside-the-nyse-join-us-cnbc-pro-live-event-brings-exclusive-insights-to-you.html",
    "source": "CNBC",
    "timestamp": "2025-04-17T03:52:06.702106"
  },
  {
    "title": "How does an island with high prices and few beaches attract tourists? Singapore lays out a plan",
    "url": "https://www.cnbc.com/2025/04/16/singapore-tourism-business-travelers-cruising-and-live-events.html",
    "source": "CNBC",
    "timestamp": "2025-04-17T03:52:06.702154"
  },
  {
    "title": "Travelers are shunning Europe\u2019s summer hotspots in favor of 'coolcations'",
    "url": "https://www.cnbc.com/2025/04/14/coolcations-travelers-shun-summer-hotspots-in-favor-of-cooler-climes.html",
    "source": "CNBC",
    "timestamp": "2025-04-17T03:52:06.702202"
  },
  {
    "title": "Is it safe to travel to Thailand right now? Thai officials say yes",
    "url": "https://www.cnbc.com/2025/04/04/is-it-safe-to-travel-to-thailand-right-now-thai-officials-say-yes-.html",
    "source": "CNBC",
    "timestamp": "2025-04-17T03:52:06.702249"
  },
  {
    "title": "The most powerful passports of 2025 \u2014 a new country tops the list",
    "url": "https://www.cnbc.com/2025/04/03/which-country-has-the-best-passport-see-the-2025-ranking.html",
    "source": "CNBC",
    "timestamp": "2025-04-17T03:52:06.702296"
  },
  {
    "title": "International visitors pour into Japan to the delight and dismay of its ski towns",
    "url": "https://www.cnbc.com/2025/04/01/skiing-in-japan-winter-brings-record-number-of-international-tourists.html",
    "source": "CNBC",
    "timestamp": "2025-04-17T03:52:06.702344"
  },
  {
    "title": "John Boyega had less than $20 in his bank account when he landed a role in 'Star Wars'",
    "url": "https://www.cnbc.com/2025/04/16/john-boyega-had-less-than-20-when-he-landed-star-wars.html",
    "source": "CNBC",
    "timestamp": "2025-04-17T03:52:06.702421"
  },
  {
    "title": "Melinda French Gates: I rely on Warren Buffett's advice when 'I get tough on myself'",
    "url": "https://www.cnbc.com/2025/04/16/warren-buffett-gave-melinda-french-gates-this-advice.html",
    "source": "CNBC",
    "timestamp": "2025-04-17T03:52:06.702470"
  },
  {
    "title": "Top 10 U.S. cities for recent college grads, according to a new report",
    "url": "https://www.cnbc.com/2025/04/16/apartment-advisor-top-cities-recent-college-graduates.html",
    "source": "CNBC",
    "timestamp": "2025-04-17T03:52:06.702517"
  },
  {
    "title": "18-year-old turned down her dream school for one 'nobody has heard of'",
    "url": "https://www.cnbc.com/2025/04/16/why-this-teen-turned-down-the-university-of-texas-at-austin.html",
    "source": "CNBC",
    "timestamp": "2025-04-17T03:52:06.702564"
  },
  {
    "title": "The most 'recession-proof' jobs in a potential downturn, says economist",
    "url": "https://www.cnbc.com/2025/04/16/these-are-the-most-recession-proof-jobs-in-a-potential-downturn-says-economist.html",
    "source": "CNBC",
    "timestamp": "2025-04-17T03:52:06.702612"
  },
  {
    "title": "What are the economics of war?",
    "url": "https://www.cnbc.com/video/2024/08/07/what-are-the-economics-of-war.html",
    "source": "CNBC",
    "timestamp": "2025-04-17T03:52:06.702660"
  },
  {
    "title": "What is the internet of bodies?",
    "url": "https://www.cnbc.com/video/2024/05/31/what-is-the-internet-of-bodies.html",
    "source": "CNBC",
    "timestamp": "2025-04-17T03:52:06.702708"
  },
  {
    "title": "How the world got into $315 trillion of debt",
    "url": "https://www.cnbc.com/video/2024/05/28/how-the-world-got-into-315-trillion-of-debt.html",
    "source": "CNBC",
    "timestamp": "2025-04-17T03:52:06.702755"
  },
  {
    "title": "eVTOLS: Are flying cars finally becoming reality?",
    "url": "https://www.cnbc.com/video/2024/03/28/evtols-how-flying-cars-are-becoming-reality.html",
    "source": "CNBC",
    "timestamp": "2025-04-17T03:52:06.702802"
  },
  {
    "title": "How China's property bubble burst",
    "url": "https://www.cnbc.com/video/2024/02/29/how-chinas-property-bubble-burst.html",
    "source": "CNBC",
    "timestamp": "2025-04-17T03:52:06.702849"
  },
  {
    "title": "China targets U.S. services and other areas after decrying 'meaningless' tariff hikes on goods",
    "url": "https://www.cnbc.com/2025/04/17/china-targets-us-services-and-other-areas-after-decrying-meaningless-tariff-hikes-on-goods-.html",
    "source": "CNBC",
    "timestamp": "2025-04-17T03:52:08.321154"
  },
  {
    "title": "Global trade outlook has 'deteriorated sharply' amid Trump tariffs, WTO warns",
    "url": "https://www.cnbc.com/2025/04/16/global-trade-outlook-for-2025-has-deteriorated-sharply-wto-warns.html",
    "source": "CNBC",
    "timestamp": "2025-04-17T03:52:08.321246"
  },
  {
    "title": "Retail sales increased 1.4% in March, greater than expected",
    "url": "https://www.cnbc.com/2025/04/16/retail-sales-march-2025.html",
    "source": "CNBC",
    "timestamp": "2025-04-17T03:52:08.321297"
  },
  {
    "title": "Fed's Waller sees tariff inflation as 'transitory' in 'tush push' comparison",
    "url": "https://www.cnbc.com/2025/04/14/fed-governor-waller-sees-tariff-inflation-as-transitory-in-tush-push-comparison.html",
    "source": "CNBC",
    "timestamp": "2025-04-17T03:52:08.321348"
  },
  {
    "title": "Unemployment fears hit worst levels since Covid, Fed survey shows",
    "url": "https://www.cnbc.com/2025/04/14/unemployment-fears-hit-worst-levels-since-covid-fed-survey-shows.html",
    "source": "CNBC",
    "timestamp": "2025-04-17T03:52:08.321397"
  },
  {
    "title": "Consumer sentiment tumbles in April as inflation fears spike, survey shows",
    "url": "https://www.cnbc.com/2025/04/11/consumer-sentiment-tumbles-in-april-as-inflation-fears-spike-university-of-michigan-survey-shows.html",
    "source": "CNBC",
    "timestamp": "2025-04-17T03:52:08.321445"
  },
  {
    "title": "Wholesale prices unexpectedly fell 0.4% in March",
    "url": "https://www.cnbc.com/2025/04/11/wholesale-inflation-march-2024-.html",
    "source": "CNBC",
    "timestamp": "2025-04-17T03:52:08.321491"
  },
  {
    "title": "Kashkari says rising yields, falling dollar show investors moving on from the U.S.",
    "url": "https://www.cnbc.com/2025/04/11/feds-kashkari-says-rising-bond-yields-falling-dollar-show-investors-are-moving-on-from-the-us.html",
    "source": "CNBC",
    "timestamp": "2025-04-17T03:52:08.321539"
  },
  {
    "title": "UK economy expands by 0.5% in February, more than expected",
    "url": "https://www.cnbc.com/2025/04/11/uk-gdp-february-2025.html",
    "source": "CNBC",
    "timestamp": "2025-04-17T03:52:08.321587"
  },
  {
    "title": "Trump's triple-digit tariff essentially cuts off most trade with China, says economist",
    "url": "https://www.cnbc.com/2025/04/10/trumps-triple-digit-tariff-essentially-cuts-off-most-trade-with-china-says-economist.html",
    "source": "CNBC",
    "timestamp": "2025-04-17T03:52:08.321634"
  },
  {
    "title": "Inflation rate eases to 2.4% in March, lower than expected; core at 4-year low",
    "url": "https://www.cnbc.com/2025/04/10/inflation-rate-eases-to-2point4percent-in-march-lower-than-expected.html",
    "source": "CNBC",
    "timestamp": "2025-04-17T03:52:08.321682"
  },
  {
    "title": "European Union to put countermeasures to U.S. tariffs on hold for 90 days",
    "url": "https://www.cnbc.com/2025/04/10/european-union-to-put-countermeasures-to-us-tariffs-on-hold-for-90-days.html",
    "source": "CNBC",
    "timestamp": "2025-04-17T03:52:08.321730"
  },
  {
    "title": "Tanking oil prices could double Saudi Arabia's deficit, Goldman Sachs warns",
    "url": "https://www.cnbc.com/2025/04/10/goldman-sachs-tanking-oil-prices-could-double-saudi-arabias-deficit.html",
    "source": "CNBC",
    "timestamp": "2025-04-17T03:52:08.321777"
  },
  {
    "title": "Jamie Dimon says a recession is 'likely outcome' from Trump's tariff turmoil",
    "url": "https://www.cnbc.com/2025/04/09/jamie-dimon-says-a-recession-is-likely-outcome-from-trumps-tariff-turmoil.html",
    "source": "CNBC",
    "timestamp": "2025-04-17T03:52:08.321823"
  },
  {
    "title": "Oil-rich Gulf states can weather Trump tariffs \u2014 unless crude prices crash",
    "url": "https://www.cnbc.com/2025/04/09/oil-rich-gulf-states-face-both-advantages-and-trouble-as-tariffs-hit.html",
    "source": "CNBC",
    "timestamp": "2025-04-17T03:52:08.321872"
  },
  {
    "title": "China says it will continue to take 'resolute and forceful' countermeasures as U.S. tariffs kick in",
    "url": "https://www.cnbc.com/2025/04/09/china-vows-forceful-countermeasures-as-us-tariffs-kick-in-.html",
    "source": "CNBC",
    "timestamp": "2025-04-17T03:52:08.321920"
  },
  {
    "title": "CEOs think the U.S. is 'probably in a recession right now,' says BlackRock's Larry Fink",
    "url": "https://www.cnbc.com/2025/04/07/ceos-think-the-us-is-probably-in-a-recession-right-now-says-blackrocks-larry-fink.html",
    "source": "CNBC",
    "timestamp": "2025-04-17T03:52:08.321968"
  },
  {
    "title": "Trump is losing the confidence of business leaders, billionaire investor Bill Ackman says",
    "url": "https://www.cnbc.com/2025/04/07/trump-is-losing-the-confidence-of-business-leaders-bill-ackman-says.html",
    "source": "CNBC",
    "timestamp": "2025-04-17T03:52:08.322016"
  },
  {
    "title": "Trump says tariffs will accelerate reshoring, but experts say it's not that easy",
    "url": "https://www.cnbc.com/2025/04/05/trump-says-tariffs-will-accelerate-reshoring-but-experts-say-its-not-that-easy.html",
    "source": "CNBC",
    "timestamp": "2025-04-17T03:52:08.322063"
  },
  {
    "title": "President Donald Trump says Fed Chair Powell should cut interest rates and 'stop playing politics'",
    "url": "https://www.cnbc.com/2025/04/04/trump-tariffs-jerome-powell.html",
    "source": "CNBC",
    "timestamp": "2025-04-17T03:52:08.322109"
  },
  {
    "title": "U.S. payrolls rose by 228,000 in March, but unemployment rate increases to 4.2%",
    "url": "https://www.cnbc.com/2025/04/04/jobs-report-march-2025-.html",
    "source": "CNBC",
    "timestamp": "2025-04-17T03:52:08.322156"
  },
  {
    "title": "China to impose 34% retaliatory tariff on all goods imported from the U.S.",
    "url": "https://www.cnbc.com/2025/04/04/china-to-impose-34percent-retaliatory-tariff-on-all-goods-imported-from-the-us.html",
    "source": "CNBC",
    "timestamp": "2025-04-17T03:52:08.322204"
  },
  {
    "title": "El-Erian says U.S. recession risks are now 'uncomfortably high'",
    "url": "https://www.cnbc.com/2025/04/04/liberation-day-mohamed-el-erian-says-trump-tariffs-risk-us-recession.html",
    "source": "CNBC",
    "timestamp": "2025-04-17T03:52:08.322274"
  },
  {
    "title": "U.S. tariff rates under Trump will be higher than the Smoot-Hawley levels",
    "url": "https://www.cnbc.com/2025/04/03/us-tariff-rates-under-trump-will-be-higher-than-the-smoot-hawley-levels-from-great-depression-era.html",
    "source": "CNBC",
    "timestamp": "2025-04-17T03:52:08.322321"
  },
  {
    "title": "Fed unlikely to rescue markets and economy from tariff turmoil anytime soon",
    "url": "https://www.cnbc.com/2025/04/03/the-federal-reserve-is-not-likely-to-rescue-markets-and-economy-from-tariff-turmoil-anytime-soon.html",
    "source": "CNBC",
    "timestamp": "2025-04-17T03:52:08.322369"
  },
  {
    "title": "Layoff announcements surge to the most since the pandemic",
    "url": "https://www.cnbc.com/2025/04/03/layoff-announcements-surge-to-the-most-since-the-pandemic-as-musks-doge-slices-federal-labor-force.html",
    "source": "CNBC",
    "timestamp": "2025-04-17T03:52:08.322443"
  },
  {
    "title": "Trump will 'buckle under pressure' if Europe bands on tariffs: Germany's Habeck",
    "url": "https://www.cnbc.com/2025/04/03/trump-will-buckle-under-pressure-if-europe-bands-together-over-tariffs-german-economy-minister.html",
    "source": "CNBC",
    "timestamp": "2025-04-17T03:52:08.322491"
  },
  {
    "title": "How did the U.S. arrive at its tariff figures?",
    "url": "https://www.cnbc.com/2025/04/03/how-did-the-us-arrive-at-its-tariff-figures-.html",
    "source": "CNBC",
    "timestamp": "2025-04-17T03:52:08.322538"
  },
  {
    "title": "'Absolutely nothing good' coming out of U.S. tariffs, analysts say",
    "url": "https://www.cnbc.com/2025/04/03/absolutely-nothing-good-coming-out-of-trumps-tariff-announcement-analysts-react-to-latest-us-levies.html",
    "source": "CNBC",
    "timestamp": "2025-04-17T03:52:08.322587"
  },
  {
    "title": "EU vows countermeasures to Trump tariffs if talks fail, von der Leyen says",
    "url": "https://www.cnbc.com/2025/04/03/eu-preparing-further-countermeasures-to-us-tariffs-if-negotiations-fail-ec-president-von-der-leyen.html",
    "source": "CNBC",
    "timestamp": "2025-04-17T03:52:08.322636"
  },
  {
    "title": "Private companies added 155,000 jobs in March, more than expected, ADP says",
    "url": "https://www.cnbc.com/2025/04/02/adp-jobs-report-march-2025-.html",
    "source": "CNBC",
    "timestamp": "2025-04-17T03:52:08.322683"
  },
  {
    "title": "How Trump's tariffs will affect consumer prices in the U.S.",
    "url": "https://www.cnbc.com/2025/04/01/trump-tariffs-effect-on-consumer-prices-debated-by-economists.html",
    "source": "CNBC",
    "timestamp": "2025-04-17T03:52:08.322730"
  },
  {
    "title": "Trump's tariff gambit will raise the stakes for an economy already looking fragile",
    "url": "https://www.cnbc.com/2025/04/01/trumps-tariff-gambit-will-raise-the-stakes-for-an-economy-already-looking-fragile.html",
    "source": "CNBC",
    "timestamp": "2025-04-17T03:52:08.322778"
  },
  {
    "title": "Euro zone inflation dips to 2.2% in March as U.S. tariffs loom",
    "url": "https://www.cnbc.com/2025/04/01/euro-zone-inflation-march-2025-.html",
    "source": "CNBC",
    "timestamp": "2025-04-17T03:52:08.322825"
  },
  {
    "title": "Bond market malfunction is the only way the Fed will cut soon, says Allianz's Mohamed El-Erian",
    "url": "https://www.cnbc.com/video/2025/04/16/bond-market-malfunction-is-the-only-way-the-fed-will-cut-soon-says-allianzs-mohamed-el-erian.html",
    "source": "CNBC",
    "timestamp": "2025-04-17T03:52:10.218805"
  },
  {
    "title": "Morgan Stanley's Michael Zezas: Good reason to believe tariffs won't be implemented to a high degree",
    "url": "https://www.cnbc.com/video/2025/04/16/morgan-stanleys-michael-zezas-good-reason-to-believe-tariffs-wont-be-implemented-to-a-high-degree.html",
    "source": "CNBC",
    "timestamp": "2025-04-17T03:52:10.218899"
  },
  {
    "title": "This is an 'early innings' tax-free play on the artificial intelligence boom, says Nuveen",
    "url": "https://www.cnbc.com/2025/04/16/this-is-an-early-innings-tax-free-play-on-the-artificial-intelligence-boom-says-nuveen.html",
    "source": "CNBC",
    "timestamp": "2025-04-17T03:52:10.218950"
  },
  {
    "title": "From seaweed burgers to \u2018upcycled\u2019 potato chips, the high-end food industry is going \u2018nature positive\u2019",
    "url": "https://www.cnbc.com/2025/04/17/what-is-upcycled-food-leftovers-can-now-be-turned-into-ingredients.html",
    "source": "CNBC",
    "timestamp": "2025-04-17T03:52:10.219001"
  },
  {
    "title": "Could Trump\u2019s tariffs spark a commodities super-cycle? Market watchers are divided",
    "url": "https://www.cnbc.com/2025/04/14/trump-tariffs-commodity-super-cycle-gold-silver-copper-cocoa-coffee-price-markets.html",
    "source": "CNBC",
    "timestamp": "2025-04-17T03:52:10.219050"
  },
  {
    "title": "Is now a good time to buy gold? Here\u2019s what you need to know",
    "url": "https://www.cnbc.com/2025/04/11/is-this-a-good-time-to-buy-gold-experts-weigh-in.html",
    "source": "CNBC",
    "timestamp": "2025-04-17T03:52:10.219099"
  },
  {
    "title": "Amundi: Dollar 'will weaken' in the long-run as U.S. is becoming 'less attractive' to investors",
    "url": "https://www.cnbc.com/video/2025/04/17/dollar-will-weaken-in-the-long-run-as-us-is-becoming-less-attractive.html",
    "source": "CNBC",
    "timestamp": "2025-04-17T03:52:10.219149"
  },
  {
    "title": "Chief Economist: Reducing U.S.' trade deficit may threaten the dollar's reserve currency status",
    "url": "https://www.cnbc.com/video/2025/04/15/questioning-the-primacy-of-u-s-dollar-has-become.html",
    "source": "CNBC",
    "timestamp": "2025-04-17T03:52:10.219198"
  },
  {
    "title": "Avoid U.S. dollar, 'dramatic' asset allocation shift underway, says currency expert Jens Nordvig",
    "url": "https://www.cnbc.com/video/2025/04/14/avoid-u-s-dollar-dramatic-asset-allocation-shift-underway-says-currency-expert-jens-nordvig.html",
    "source": "CNBC",
    "timestamp": "2025-04-17T03:52:10.219246"
  },
  {
    "title": "Asia markets rise after Wall Street slides overnight",
    "url": "https://www.cnbc.com/2025/04/17/asia-markets-live-stocks-set-to-fall.html",
    "source": "CNBC",
    "timestamp": "2025-04-17T03:52:10.219294"
  },
  {
    "title": "Europe stocks markets fall, dragged lower by critical chip stock ASML declining by 5%",
    "url": "https://www.cnbc.com/2025/04/16/european-markets-live-updates-stocks-uk-inflation-and-asml-earnings.html",
    "source": "CNBC",
    "timestamp": "2025-04-17T03:52:10.219342"
  },
  {
    "title": "Europe stocks end 1.6% higher; real estate, banks lead gains on hopes of Trump tariff relief",
    "url": "https://www.cnbc.com/2025/04/15/european-markets-live-updates-stocks-news-data-and-earnings.html",
    "source": "CNBC",
    "timestamp": "2025-04-17T03:52:10.219390"
  },
  {
    "title": "Amundi: Dollar 'will weaken' in the long-run as U.S. is becoming 'less attractive' to investors",
    "url": "https://www.cnbc.com/video/2025/04/17/dollar-will-weaken-in-the-long-run-as-us-is-becoming-less-attractive.html",
    "source": "CNBC",
    "timestamp": "2025-04-17T03:52:10.219459"
  },
  {
    "title": "Factors are supporting a faster pace of Bank of England interest rate cuts this year, economist says",
    "url": "https://www.cnbc.com/video/2025/04/16/bank-of-england-could-accelerate-rate-cuts-this-year-economist.html",
    "source": "CNBC",
    "timestamp": "2025-04-17T03:52:10.219508"
  },
  {
    "title": "Lyft to buy taxi app Free Now for $200 million to expand into Europe",
    "url": "https://www.cnbc.com/2025/04/16/lyft-to-buy-taxi-app-free-now-for-200-million-to-expand-into-europe.html",
    "source": "CNBC",
    "timestamp": "2025-04-17T03:52:10.219556"
  },
  {
    "title": "China targets U.S. services and other areas after decrying 'meaningless' tariff hikes on goods",
    "url": "https://www.cnbc.com/2025/04/17/china-targets-us-services-and-other-areas-after-decrying-meaningless-tariff-hikes-on-goods-.html",
    "source": "CNBC",
    "timestamp": "2025-04-17T03:52:10.219606"
  },
  {
    "title": "CNBC Daily Open: Tariffs are just one weapon in a trade war",
    "url": "https://www.cnbc.com/2025/04/17/cnbc-daily-open-tariffs-are-just-one-weapon-in-a-trade-war-.html",
    "source": "CNBC",
    "timestamp": "2025-04-17T03:52:10.219659"
  },
  {
    "title": "Asia markets rise after Wall Street slides overnight",
    "url": "https://www.cnbc.com/2025/04/17/asia-markets-live-stocks-set-to-fall.html",
    "source": "CNBC",
    "timestamp": "2025-04-17T03:52:10.219707"
  },
  {
    "title": "Asia markets rise after Wall Street slides overnight",
    "url": "https://www.cnbc.com/2025/04/17/asia-markets-live-stocks-set-to-fall.html",
    "source": "CNBC",
    "timestamp": "2025-04-17T03:52:10.219755"
  },
  {
    "title": "Europe stocks markets fall, dragged lower by critical chip stock ASML declining by 5%",
    "url": "https://www.cnbc.com/2025/04/16/european-markets-live-updates-stocks-uk-inflation-and-asml-earnings.html",
    "source": "CNBC",
    "timestamp": "2025-04-17T03:52:10.219803"
  },
  {
    "title": "Europe stocks end 1.6% higher; real estate, banks lead gains on hopes of Trump tariff relief",
    "url": "https://www.cnbc.com/2025/04/15/european-markets-live-updates-stocks-news-data-and-earnings.html",
    "source": "CNBC",
    "timestamp": "2025-04-17T03:52:10.219852"
  },
  {
    "title": "Asia-Pacific markets mostly rise after tech rally pushes Wall Street higher",
    "url": "https://www.cnbc.com/2025/04/15/asia-markets-live-updates.html",
    "source": "CNBC",
    "timestamp": "2025-04-17T03:52:10.219901"
  },
  {
    "title": "Hong Kong shares rise over 2% to lead gains in Asia after Trump pauses tariffs on consumer...",
    "url": "https://www.cnbc.com/2025/04/14/asia-markets-live-updates.html",
    "source": "CNBC",
    "timestamp": "2025-04-17T03:52:10.219949"
  },
  {
    "title": "Brace for more volatility with these defensive trades",
    "url": "https://www.cnbc.com/2025/04/16/brace-for-more-volatility-with-these-defensive-trades.html",
    "source": "CNBC",
    "timestamp": "2025-04-17T03:52:10.219996"
  },
  {
    "title": "Buy these stocks that are likely to beat earnings estimates, per Piper Sandler",
    "url": "https://www.cnbc.com/2025/04/16/buy-these-stocks-likely-to-beat-earnings-estimates-per-piper-sandler.html",
    "source": "CNBC",
    "timestamp": "2025-04-17T03:52:10.220046"
  },
  {
    "title": "This is a tax-free play on the artificial intelligence boom, says Nuveen",
    "url": "https://www.cnbc.com/2025/04/16/this-is-an-early-innings-tax-free-play-on-the-artificial-intelligence-boom-says-nuveen.html",
    "source": "CNBC",
    "timestamp": "2025-04-17T03:52:10.220095"
  },
  {
    "title": "A massive rally in gold miners could soon begin to slow down, charts show",
    "url": "https://www.cnbc.com/2025/04/16/a-massive-rally-in-gold-miners-could-soon-begin-to-slow-down-according-to-the-charts.html",
    "source": "CNBC",
    "timestamp": "2025-04-17T03:52:10.220148"
  },
  {
    "title": "How to navigate this tough market \u2014 Get your ticket for Pro Live!",
    "url": "https://www.cnbc.com/2025/03/11/step-inside-the-nyse-join-us-cnbc-pro-live-event-brings-exclusive-insights-to-you.html",
    "source": "CNBC",
    "timestamp": "2025-04-17T03:52:10.220197"
  },
  {
    "title": "Stocks making the biggest moves midday: Nvidia, ASML, Advanced Micro Devices and more",
    "url": "https://www.cnbc.com/2025/04/16/stocks-making-the-biggest-moves-midday-nvda-asml-amd.html",
    "source": "CNBC",
    "timestamp": "2025-04-17T03:52:10.220246"
  },
  {
    "title": "Stocks making the biggest moves premarket: United Airlines, Nvidia and more",
    "url": "https://www.cnbc.com/2025/04/16/stocks-making-the-biggest-moves-premarket-ual-nvda-tsla-trv-and-more.html",
    "source": "CNBC",
    "timestamp": "2025-04-17T03:52:10.220294"
  },
  {
    "title": "Stocks making the biggest moves after hours: United Airlines, J.B. Hunt and more",
    "url": "https://www.cnbc.com/2025/04/15/stocks-making-the-biggest-moves-after-hours-ual-jbht-ibkr.html",
    "source": "CNBC",
    "timestamp": "2025-04-17T03:52:10.220342"
  },
  {
    "title": "Stocks making biggest moves midday: Netflix, Bank of America, Boeing and more",
    "url": "https://www.cnbc.com/2025/04/15/stocks-making-the-biggest-moves-midday-nflx-bac-ba-rklb-and-more.html",
    "source": "CNBC",
    "timestamp": "2025-04-17T03:52:10.220395"
  },
  {
    "title": "Stocks making the biggest moves premarket: Bank of America, Boeing and more",
    "url": "https://www.cnbc.com/2025/04/15/stocks-making-the-biggest-moves-premarket-bac-ba-jnj.html",
    "source": "CNBC",
    "timestamp": "2025-04-17T03:52:10.220443"
  },
  {
    "title": "Tariff volatility is making it hard for investors to figure out where the S&P 500 should trade right...",
    "url": "https://www.cnbc.com/2025/04/14/tariff-volatility-is-making-it-hard-for-investors-to-figure-out-where-the-sp-500-should-trade.html",
    "source": "CNBC",
    "timestamp": "2025-04-17T03:52:10.220490"
  },
  {
    "title": "Here's why traders figure that  a 20% drop in stocks makes a 'bear market'",
    "url": "https://www.cnbc.com/2025/04/08/how-20percent-declines-in-stocks-came-to-be-known-as-bear-markets-on-wall-street.html",
    "source": "CNBC",
    "timestamp": "2025-04-17T03:52:10.220538"
  },
  {
    "title": "U.S. stocks bearing the brunt of trillions in market value losses around the globe",
    "url": "https://www.cnbc.com/2025/04/06/significant-losses-in-global-markets-but-the-damage-is-uneven.html",
    "source": "CNBC",
    "timestamp": "2025-04-17T03:52:10.220586"
  },
  {
    "title": "What's behind the enormous pop in shares of media meme stock Newsmax",
    "url": "https://www.cnbc.com/2025/04/02/whats-behind-the-enormous-pop-in-shares-of-media-meme-stock-newsmax.html",
    "source": "CNBC",
    "timestamp": "2025-04-17T03:52:10.220634"
  },
  {
    "title": "What's hot in ETFs? Bond funds are in demand as investors flee the Nasdaq 'QQQ'",
    "url": "https://www.cnbc.com/2025/03/24/etf-conference-draws-2000-managers-and-advisors-to-air-latest-trends.html",
    "source": "CNBC",
    "timestamp": "2025-04-17T03:52:10.220681"
  },
  {
    "title": "Even with tariffs looming, Jim Cramer says consumer companies must cut prices",
    "url": "https://www.cnbc.com/2025/04/16/even-with-tariffs-looming-jim-cramer-says-consumer-companies-must-cut-prices.html",
    "source": "CNBC",
    "timestamp": "2025-04-17T03:52:10.220728"
  },
  {
    "title": "Trump's tariff policies have put Big Tech in a jam, Jim Cramer says",
    "url": "https://www.cnbc.com/2025/04/16/trumps-tariff-policies-have-put-big-tech-in-a-jam-jim-cramer-says-.html",
    "source": "CNBC",
    "timestamp": "2025-04-17T03:52:10.220775"
  },
  {
    "title": "Cramer's Lightning Round: American Financial Group is a buy",
    "url": "https://www.cnbc.com/2025/04/16/cramers-lightning-round-american-financial-group-is-a-buy.html",
    "source": "CNBC",
    "timestamp": "2025-04-17T03:52:10.220822"
  },
  {
    "title": "Cramer's Lightning Round: 'You have to trim' Nvidia",
    "url": "https://www.cnbc.com/2025/04/15/cramers-lightning-round-you-have-to-trim-nvidia-.html",
    "source": "CNBC",
    "timestamp": "2025-04-17T03:52:10.220869"
  },
  {
    "title": "Jim Cramer presses Trump administration on stalled deregulation",
    "url": "https://www.cnbc.com/2025/04/15/jim-cramer-presses-trump-administration-on-stalled-deregulation.html",
    "source": "CNBC",
    "timestamp": "2025-04-17T03:52:10.220916"
  },
  {
    "title": "Final Trade: GDX, T, HYG, MP",
    "url": "https://www.cnbc.com/video/2025/04/16/final-trade-gdx-t-hyg-mp.html",
    "source": "CNBC",
    "timestamp": "2025-04-17T03:52:10.220963"
  },
  {
    "title": "Fast Money Live Event | June 5",
    "url": "https://www.cnbcevents.com/fast-money-live-june-2025/?utm_source=Dotcom&utm_medium=Lander&utm_campaign=FM",
    "source": "CNBC",
    "timestamp": "2025-04-17T03:52:10.221009"
  },
  {
    "title": "Lululemon is losing key market share in Miami, warns Jefferies",
    "url": "https://www.cnbc.com/video/2025/04/16/lululemon-is-losing-key-market-share-in-miami-warns-jefferies.html",
    "source": "CNBC",
    "timestamp": "2025-04-17T03:52:10.221056"
  },
  {
    "title": "Tickets on sale for June 'Fast Money' event",
    "url": "https://www.cnbc.com/video/2025/04/16/tickets-on-sale-for-june-fast-money-event.html",
    "source": "CNBC",
    "timestamp": "2025-04-17T03:52:10.221111"
  },
  {
    "title": "Investopedia's latest investor sentiment survey shows inflation and China are top concerns",
    "url": "https://www.cnbc.com/video/2025/04/16/investopedias-latest-investor-sentiment-survey-shows-inflation-and-china-are-top-concerns.html",
    "source": "CNBC",
    "timestamp": "2025-04-17T03:52:10.221159"
  },
  {
    "title": "\u2018Bubblicious\u2019 used car prices are rising faster than bitcoin, market researcher Jim Bianco warns",
    "url": "https://www.cnbc.com/2021/12/26/bubblicious-used-car-prices-rising-faster-than-bitcoin-jim-bianco-warns-.html",
    "source": "CNBC",
    "timestamp": "2025-04-17T03:52:10.221208"
  },
  {
    "title": "Three out-of-the-box ways to trade the rise of electric vehicles in 2022",
    "url": "https://www.cnbc.com/2021/12/24/three-out-of-the-box-ways-to-trade-the-rise-of-electric-vehicles-in-2022.html",
    "source": "CNBC",
    "timestamp": "2025-04-17T03:52:10.221255"
  },
  {
    "title": "Two stocks on the market\u2019s \u2018naughty list\u2019 could be set for a 2022 comeback",
    "url": "https://www.cnbc.com/2021/12/24/stocks-on-markets-naughty-list-could-be-set-for-a-2022-comeback.html",
    "source": "CNBC",
    "timestamp": "2025-04-17T03:52:10.221301"
  },
  {
    "title": "The ultimate 2022 safety play could be in this unusual place, traders say",
    "url": "https://www.cnbc.com/2021/12/23/ultimate-2022-safety-play-could-be-in-this-unusual-place-traders-say.html",
    "source": "CNBC",
    "timestamp": "2025-04-17T03:52:10.221348"
  },
  {
    "title": "This sector is 2022's 'sneaky catch-up play,' trader says. Two stocks he'd buy",
    "url": "https://www.cnbc.com/2021/12/23/communications-stocks-netflix-roblox-catch-up-plays-for-2022-trader.html",
    "source": "CNBC",
    "timestamp": "2025-04-17T03:52:10.221395"
  },
  {
    "title": "Pre-Markets",
    "url": "https://www.cnbc.com/pre-markets/",
    "source": "CNBC",
    "timestamp": "2025-04-17T03:52:10.221441"
  },
  {
    "title": "Cryptocurrencies",
    "url": "https://www.cnbc.com/cryptocurrency/",
    "source": "CNBC",
    "timestamp": "2025-04-17T03:52:10.221488"
  },
  {
    "title": "DOW 30",
    "url": "https://www.cnbc.com/dow-30/",
    "source": "CNBC",
    "timestamp": "2025-04-17T03:52:10.221534"
  },
  {
    "title": "Dow 30: After-hours quotes",
    "url": "https://www.cnbc.com/quotes/?symbol=aapl,axp,ba,cat,csco,cvx,dis,wba,gs,hd,ibm,intc,jnj,jpm,ko,mcd,mmm,mrk,msft,nke,pfe,pg,trv,unh,v,vz,wmt,xom,dow,rtx",
    "source": "CNBC",
    "timestamp": "2025-04-17T03:52:10.221585"
  },
  {
    "title": "Sector watch",
    "url": "https://www.cnbc.com/sectors/",
    "source": "CNBC",
    "timestamp": "2025-04-17T03:52:10.221632"
  },
  {
    "title": "Watch Wednesday's full episode of the Halftime Report \u2014 April 16, 2025",
    "url": "https://www.cnbc.com/video/2025/04/16/watch-wednesdays-full-episode-of-the-halftime-report-april-16-2025.html",
    "source": "CNBC",
    "timestamp": "2025-04-17T03:52:10.221679"
  },
  {
    "title": "Final Trades: Robinhood, Datadog, the IGV and the 2-Year Treasury",
    "url": "https://www.cnbc.com/video/2025/04/16/final-trades-robinhood-datadog-the-igv-and-the-2-year-treasury.html",
    "source": "CNBC",
    "timestamp": "2025-04-17T03:52:10.221726"
  },
  {
    "title": "Calls of the Day: Caterpillar, United Rentals, Cummins, Vulcan Materials, Alibaba and T-Mobile",
    "url": "https://www.cnbc.com/video/2025/04/16/calls-of-the-day-caterpillar-united-rentals-cummins-vulcan-materials-alibaba-and-t-mobile.html",
    "source": "CNBC",
    "timestamp": "2025-04-17T03:52:10.221772"
  },
  {
    "title": "Trade Tracker: Kevin Simpson sells Agnico covered call",
    "url": "https://www.cnbc.com/video/2025/04/16/trade-tracker-kevin-simpson-sells-agnico-covered-call.html",
    "source": "CNBC",
    "timestamp": "2025-04-17T03:52:10.221818"
  },
  {
    "title": "Trade Tracker: Steve Weiss sells half of his Nvidia shares",
    "url": "https://www.cnbc.com/video/2025/04/16/trade-tracker-steve-weiss-sells-half-of-his-nvidia-shares.html",
    "source": "CNBC",
    "timestamp": "2025-04-17T03:52:10.221865"
  }
]