[
  {
    "title": "Patients get care closer to home as GP scheme expanded",
    "url": "https://www.gov.uk/government/announcements",
    "country": "UK",
    "source": "https://www.gov.uk/government/announcements",
    "scraped_at": "2025-04-17T03:50:22.014922"
  },
  {
    "title": "British soldiers take down drone swarm in groundbreaking use of radio wave weapon",
    "url": "https://www.gov.uk/government/announcements",
    "country": "UK",
    "source": "https://www.gov.uk/government/announcements",
    "scraped_at": "2025-04-17T03:50:22.015212"
  },
  {
    "title": "The UK calls on all parties to agree an immediate and unconditional ceasefire in DRC: UK statement at the UN Security Council",
    "url": "https://www.gov.uk/government/announcements",
    "country": "UK",
    "source": "https://www.gov.uk/government/announcements",
    "scraped_at": "2025-04-17T03:50:22.015483"
  },
  {
    "title": "Bird flu (avian influenza): latest situation in England",
    "url": "https://www.gov.uk/government/announcements",
    "country": "UK",
    "source": "https://www.gov.uk/government/announcements",
    "scraped_at": "2025-04-17T03:50:22.015757"
  },
  {
    "title": "Controlling the risk of Bridge Strikes",
    "url": "https://www.gov.uk/government/announcements",
    "country": "UK",
    "source": "https://www.gov.uk/government/announcements",
    "scraped_at": "2025-04-17T03:50:22.016037"
  },
  {
    "title": "The UK is deeply concerned at recent political tensions and increased fighting across South Sudan: UK statement at the UN Security Council",
    "url": "https://www.gov.uk/government/announcements",
    "country": "UK",
    "source": "https://www.gov.uk/government/announcements",
    "scraped_at": "2025-04-17T03:50:22.016353"
  },
  {
    "title": "Grenfell Tower site update April 2025",
    "url": "https://www.gov.uk/government/announcements",
    "country": "UK",
    "source": "https://www.gov.uk/government/announcements",
    "scraped_at": "2025-04-17T03:50:22.016613"
  },
  {
    "title": "Fatal accident at Ickenham station",
    "url": "https://www.gov.uk/government/announcements",
    "country": "UK",
    "source": "https://www.gov.uk/government/announcements",
    "scraped_at": "2025-04-17T03:50:22.016865"
  },
  {
    "title": "How to submit applications and complaints to the CAC",
    "url": "https://www.gov.uk/government/announcements",
    "country": "UK",
    "source": "https://www.gov.uk/government/announcements",
    "scraped_at": "2025-04-17T03:50:22.017096"
  },
  {
    "title": "Temporary duties imposed on engine oils and hydraulic fluids",
    "url": "https://www.gov.uk/government/announcements",
    "country": "UK",
    "source": "https://www.gov.uk/government/announcements",
    "scraped_at": "2025-04-17T03:50:22.017334"
  }
]