{
    "report_timestamp_utc": "2025-05-06T16:26:48.253170+00:00",
    "trading_symbol": "SOL/USDT",
    "exchange": "binance",
    "timeframe": "1h",
    "anomaly_detected": false,
    "anomaly_score": -4.25,
    "threshold_used": 7.0,
    "contributing_factors": {
        "Technical": {
            "score": -0.5,
            "factors": [
                "MACD Hist Neg (-0.1732)"
            ]
        },
        "Pattern": {
            "score": -1.5,
            "factors": [
                "Overall Sentiment: Bearish",
                "Latest Patterns: Spinning Top"
            ]
        },
        "OnChain": {
            "score": 0.0,
            "factors": [
                "Sentiment: Neutral",
                "Minor/Neutral Net Flow ($49,730)",
                "Normal Whale Txs (0)"
            ]
        },
        "Volatility": {
            "score": 0.0,
            "factors": [
                "Normal recent volatility."
            ]
        }
    },
    "data_summary": {
        "latest_technical_timestamp": "2025-05-06T16:00:00",
        "onchain_analysis": {
            "status": "Analyzed",
            "sentiment": "Neutral",
            "net_flow_usd": "49,730.43",
            "whale_txs": "0"
        },
        "pattern_analysis_summary": {
            "status": "Analyzed",
            "overall_sentiment": "Bearish",
            "latest_patterns_list": [
                "Spinning Top"
            ]
        }
    },
    "full_pattern_analysis_results": {
        "symbol": "Unknown",
        "latest_patterns": [
            "Spinning Top"
        ],
        "sentiment": "Bearish",
        "bullish_signals": 0,
        "bearish_signals": 1,
        "total_patterns_checked": 27,
        "last_timestamp": "2025-05-06T16:00:00"
    }
}