{
    "report_timestamp_utc": "2025-05-06T12:23:03.242412",
    "trading_symbol": "LINK/USDT",
    "exchange": "bybit",
    "timeframe": "1h",
    "anomaly_detected": false,
    "anomaly_score": -4.25,
    "threshold_used": 7.0,
    "contributing_factors": {
        "Technical": {
            "score": -0.5,
            "factors": [
                "MACD Hist Neg (-0.0137)"
            ]
        },
        "Pattern": {
            "score": 0.0,
            "factors": [
                "Skipped (Result missing/invalid)"
            ]
        },
        "OnChain": {
            "score": -1.0,
            "factors": [
                "Sentiment: Bearish",
                "Minor/Neutral Net Flow ($-152,415)",
                "Normal Whale Txs (0)"
            ]
        },
        "Volatility": {
            "score": 0.0,
            "factors": [
                "Normal recent volatility."
            ]
        }
    },
    "data_summary": {
        "latest_technical_timestamp": "2025-05-06T12:00:00",
        "onchain_analysis": {
            "status": "Analyzed",
            "sentiment": "Bearish",
            "net_flow_usd": "-152,414.70",
            "whale_txs": "0"
        },
        "pattern_analysis_summary": {
            "status": "Analyzed",
            "overall_sentiment": "Bullish",
            "latest_patterns_list": []
        }
    },
    "full_pattern_analysis_results": {
        "symbol": "Unknown",
        "latest_patterns": [],
        "sentiment": "Bullish",
        "bullish_signals": 2,
        "bearish_signals": 0,
        "total_patterns_checked": 27,
        "last_timestamp": "2025-05-06T12:00:00"
    }
}