{
    "report_timestamp_utc": "2025-05-06T12:27:35.776873",
    "trading_symbol": "SOL/USDT",
    "exchange": "binance",
    "timeframe": "1h",
    "anomaly_detected": false,
    "anomaly_score": -1.25,
    "threshold_used": 7.0,
    "contributing_factors": {
        "Technical": {
            "score": -0.5,
            "factors": [
                "MACD Hist Neg (-0.2906)"
            ]
        },
        "Pattern": {
            "score": 0.0,
            "factors": [
                "Skipped (Result missing/invalid)"
            ]
        },
        "OnChain": {
            "score": 0.0,
            "factors": [
                "Sentiment: Neutral",
                "Minor/Neutral Net Flow ($25,903)",
                "Normal Whale Txs (0)"
            ]
        },
        "Volatility": {
            "score": 0.0,
            "factors": [
                "Normal recent volatility."
            ]
        }
    },
    "data_summary": {
        "latest_technical_timestamp": "2025-05-06T12:00:00",
        "onchain_analysis": {
            "status": "Analyzed",
            "sentiment": "Neutral",
            "net_flow_usd": "25,903.15",
            "whale_txs": "0"
        },
        "pattern_analysis_summary": {
            "status": "Analyzed",
            "overall_sentiment": "Bullish",
            "latest_patterns_list": [
                "Inverted Hammer",
                "Shooting Star",
                "Counterattack"
            ]
        }
    },
    "full_pattern_analysis_results": {
        "symbol": "Unknown",
        "latest_patterns": [
            "Inverted Hammer",
            "Shooting Star",
            "Counterattack"
        ],
        "sentiment": "Bullish",
        "bullish_signals": 3,
        "bearish_signals": 1,
        "total_patterns_checked": 27,
        "last_timestamp": "2025-05-06T12:00:00"
    }
}