{
    "report_timestamp_utc": "2025-05-06T12:19:19.092568",
    "trading_symbol": "LINK/USDT",
    "exchange": "binance",
    "timeframe": "1h",
    "anomaly_detected": false,
    "anomaly_score": -4.25,
    "threshold_used": 7.0,
    "contributing_factors": {
        "Technical": {
            "score": -0.5,
            "factors": [
                "MACD Hist Neg (-0.0166)"
            ]
        },
        "Pattern": {
            "score": 0.0,
            "factors": [
                "Skipped (Result missing/invalid)"
            ]
        },
        "OnChain": {
            "score": -1.0,
            "factors": [
                "Sentiment: Bearish",
                "Minor/Neutral Net Flow ($-149,185)",
                "Normal Whale Txs (0)"
            ]
        },
        "Volatility": {
            "score": 0.0,
            "factors": [
                "Normal recent volatility."
            ]
        }
    },
    "data_summary": {
        "latest_technical_timestamp": "2025-05-06T12:00:00",
        "onchain_analysis": {
            "status": "Analyzed",
            "sentiment": "Bearish",
            "net_flow_usd": "-149,184.58",
            "whale_txs": "0"
        },
        "pattern_analysis_summary": {
            "status": "Analyzed",
            "overall_sentiment": "Bullish",
            "latest_patterns_list": [
                "Hammer",
                "Inverted Hammer",
                "Shooting Star",
                "Doji",
                "Spinning Top"
            ]
        }
    },
    "full_pattern_analysis_results": {
        "symbol": "Unknown",
        "latest_patterns": [
            "Hammer",
            "Inverted Hammer",
            "Shooting Star",
            "Doji",
            "Spinning Top"
        ],
        "sentiment": "Bullish",
        "bullish_signals": 3,
        "bearish_signals": 1,
        "total_patterns_checked": 27,
        "last_timestamp": "2025-05-06T12:00:00"
    }
}