{
    "report_timestamp_utc": "2025-04-26T03:44:54.934295",
    "trading_symbol": "BTC/USDT",
    "exchange": "bybit",
    "timeframe": "4h",
    "anomaly_detected": false,
    "anomaly_score": -0.84,
    "contributing_factors": {
        "Technical": "Score: -0.5. Factors: MACD Hist - (-107.72)",
        "OnChain": "Type: fallback_coingecko. Score: 0.2. Factors: CG Price Chg (1.6%)",
        "WhaleSocial": "Score: 0.0. Factors: Neut. Whale Sent (0.10, 9)"
    },
    "data_summary": {
        "latest_technical_timestamp": "2025-04-26T00:00:00",
        "onchain_analysis_type": "fallback_coingecko",
        "onchain_sentiment": "Neutral (Fallback - CoinGecko)",
        "social_sentiment_avg": 0.0,
        "fear_greed_index": "N/A",
        "whale_social_description": "Detected 9 whale-related mentions for BITCOIN"
    }
}