{
    "report_timestamp_utc": "2025-05-09T19:48:39.144707+00:00",
    "trading_symbol": "LINK/USDT",
    "exchange": "binance",
    "timeframe": "1h",
    "anomaly_detected": false,
    "anomaly_score": -1.25,
    "threshold_used": 7.0,
    "contributing_factors": {
        "Technical": {
            "score": -0.5,
            "factors": [
                "MACD Hist Neg (-0.0701)"
            ]
        },
        "Pattern": {
            "score": 0.0,
            "factors": [
                "Neutral sentiment/No significant patterns."
            ]
        },
        "OnChain": {
            "score": 0.0,
            "factors": [
                "Skipped (Unintegrated)"
            ]
        },
        "Volatility": {
            "score": 0.0,
            "factors": [
                "Normal recent volatility."
            ]
        }
    },
    "data_summary": {
        "latest_technical_timestamp": "2025-05-09T19:00:00",
        "onchain_analysis": {
            "status": "Unintegrated",
            "sentiment": "N/A",
            "net_flow_usd": "N/A",
            "whale_txs": "N/A"
        },
        "pattern_analysis_summary": {
            "status": "Analyzed",
            "overall_sentiment": "Neutral",
            "latest_patterns_list": []
        }
    },
    "full_pattern_analysis_results": {
        "symbol": "Unknown",
        "latest_patterns": [],
        "sentiment": "Neutral",
        "bullish_signals": 2,
        "bearish_signals": 2,
        "total_patterns_checked": 27,
        "last_timestamp": "2025-05-09T19:00:00"
    }
}