{
  "snapshot_timestamp_utc": "2025-07-02T15:24:21.714350",
  "symbol_analyzed": "bitcoin",
  "average_social_sentiment_score": 0.0707,
  "overall_social_sentiment_category": "neutral",
  "fear_greed_index": {
    "value": 63,
    "classification": "Greed",
    "timestamp_unix": 1751414400,
    "datetime": "2025-07-02T00:00:00"
  },
  "dxy_strength_score": 26.87,
  "macro_economic_news": [
    {
      "title": "‘Bubblicious’ used car prices are rising faster than bitcoin, market researcher Jim Bianco warns",
      "url": "https://www.cnbc.com/2021/12/26/bubblicious-used-car-prices-rising-faster-than-bitcoin-jim-bianco-warns-.html",
      "source": "cnbc",
      "timestamp": "2025-07-02T15:22:57.043943",
      "sentiment": 0.0,
      "sentiment_score": 0.0,
      "sentiment_category": "neutral",
      "sentiment_analysis_details": {
        "score": 0.0,
        "category": "neutral",
        "error": null
      }
    },
    {
      "title": "King's Birthday Party 2025: His Majesty's Ambassador Alyson King's speech",
      "url": "https://www.gov.uk/government/announcements",
      "country": "UK",
      "source": "global_government",
      "scraped_at": "2025-07-02T15:23:31.457526",
      "sentiment": 0.0,
      "sentiment_score": 0.0,
      "sentiment_category": "neutral",
      "sentiment_analysis_details": {
        "score": 0.0,
        "category": "neutral",
        "error": null
      }
    },
    {
      "title": "Photographer jailed after sexually assaulting two models",
      "url": "https://www.gov.uk/government/announcements",
      "country": "UK",
      "source": "global_government",
      "scraped_at": "2025-07-02T15:23:31.457625",
      "sentiment": 0.5,
      "sentiment_score": 0.5,
      "sentiment_category": "mini bullish",
      "sentiment_analysis_details": {
        "score": 0.5,
        "category": "mini bullish",
        "error": null
      }
    },
    {
      "title": "DfE Update: 2 July 2025",
      "url": "https://www.gov.uk/government/announcements",
      "country": "UK",
      "source": "global_government",
      "scraped_at": "2025-07-02T15:23:31.457678",
      "sentiment": 0.0,
      "sentiment_score": 0.0,
      "sentiment_category": "neutral",
      "sentiment_analysis_details": {
        "score": 0.0,
        "category": "neutral",
        "error": null
      }
    },
    {
      "title": "Statement on the entry into force of the 2019 Hague Convention",
      "url": "https://www.gov.uk/government/announcements",
      "country": "UK",
      "source": "global_government",
      "scraped_at": "2025-07-02T15:23:31.457727",
      "sentiment": 0.0,
      "sentiment_score": 0.0,
      "sentiment_category": "neutral",
      "sentiment_analysis_details": {
        "score": 0.0,
        "category": "neutral",
        "error": null
      }
    },
    {
      "title": "Hundreds of thousands of homes and businesses to benefit from largest flood defence investment programme in history",
      "url": "https://www.gov.uk/government/announcements",
      "country": "UK",
      "source": "global_government",
      "scraped_at": "2025-07-02T15:23:31.457776",
      "sentiment": 0.0,
      "sentiment_score": 0.0,
      "sentiment_category": "neutral",
      "sentiment_analysis_details": {
        "score": 0.0,
        "category": "neutral",
        "error": null
      }
    },
    {
      "title": "G7 Foreign Ministers' statement on Iran and the Middle East",
      "url": "https://www.gov.uk/government/announcements",
      "country": "UK",
      "source": "global_government",
      "scraped_at": "2025-07-02T15:23:31.457824",
      "sentiment": -0.0625,
      "sentiment_score": -0.0625,
      "sentiment_category": "neutral",
      "sentiment_analysis_details": {
        "score": -0.0625,
        "category": "neutral",
        "error": null
      }
    },
    {
      "title": "Kenya-UK Strategic Partnership: Joint Statement",
      "url": "https://www.gov.uk/government/announcements",
      "country": "UK",
      "source": "global_government",
      "scraped_at": "2025-07-02T15:23:31.457873",
      "sentiment": 0.0,
      "sentiment_score": 0.0,
      "sentiment_category": "neutral",
      "sentiment_analysis_details": {
        "score": 0.0,
        "category": "neutral",
        "error": null
      }
    },
    {
      "title": "Graves of four soldiers killed in 1940 identified in France",
      "url": "https://www.gov.uk/government/announcements",
      "country": "UK",
      "source": "global_government",
      "scraped_at": "2025-07-02T15:23:31.457921",
      "sentiment": -0.2,
      "sentiment_score": -0.2,
      "sentiment_category": "mini bearish",
      "sentiment_analysis_details": {
        "score": -0.2,
        "category": "mini bearish",
        "error": null
      }
    },
    {
      "title": "Graves of three soldiers killed in Normandy identified",
      "url": "https://www.gov.uk/government/announcements",
      "country": "UK",
      "source": "global_government",
      "scraped_at": "2025-07-02T15:23:31.457969",
      "sentiment": -0.2,
      "sentiment_score": -0.2,
      "sentiment_category": "mini bearish",
      "sentiment_analysis_details": {
        "score": -0.2,
        "category": "mini bearish",
        "error": null
      }
    },
    {
      "title": "Businesses showcase tough justice tech to Government ministers",
      "url": "https://www.gov.uk/government/announcements",
      "country": "UK",
      "source": "global_government",
      "scraped_at": "2025-07-02T15:23:31.458018",
      "sentiment": -0.3888888888888889,
      "sentiment_score": -0.3888888888888889,
      "sentiment_category": "mini bearish",
      "sentiment_analysis_details": {
        "score": -0.3888888888888889,
        "category": "mini bearish",
        "error": null
      }
    },
    {
      "topic": "global economy",
      "title": "Global economy, world economy | TheGlobalEconomy.com",
      "url": "https://www.theglobaleconomy.com/",
      "snippet": "Information on the global economy with data on over 400 indicators, updated regularly, for over 200 countries as well as interactive tools, articles, ...",
      "source": "serpapi_macro",
      "timestamp": "2025-07-02T15:23:33.504641",
      "sentiment": 0.0,
      "sentiment_score": 0.0,
      "sentiment_category": "neutral",
      "sentiment_analysis_details": {
        "score": 0.0,
        "category": "neutral",
        "error": null
      }
    },
    {
      "topic": "global economy",
      "title": "World economy",
      "url": "https://en.wikipedia.org/wiki/World_economy",
      "snippet": "The world economy or global economy is the economy of all humans in the world, referring to the global economic system.",
      "source": "serpapi_macro",
      "timestamp": "2025-07-02T15:23:33.504793",
      "sentiment": 0.06666666666666667,
      "sentiment_score": 0.06666666666666667,
      "sentiment_category": "neutral",
      "sentiment_analysis_details": {
        "score": 0.06666666666666667,
        "category": "neutral",
        "error": null
      }
    },
    {
      "topic": "global economy",
      "title": "Global Economy",
      "url": "https://www.ft.com/global-economy",
      "snippet": "News and top stories on the state of the global economy. The latest economic data, reports and updates from countries around the world, on jobs, trade, ...",
      "source": "serpapi_macro",
      "timestamp": "2025-07-02T15:23:33.504888",
      "sentiment": 0.3,
      "sentiment_score": 0.3,
      "sentiment_category": "mini bullish",
      "sentiment_analysis_details": {
        "score": 0.3,
        "category": "mini bullish",
        "error": null
      }
    },
    {
      "topic": "global economy",
      "title": "Global Economic Prospects",
      "url": "https://www.worldbank.org/en/publication/global-economic-prospects",
      "snippet": "The global economy is facing substantial headwinds, emanating largely from an increase in trade tensions and heightened global policy uncertainty.",
      "source": "serpapi_macro",
      "timestamp": "2025-07-02T15:23:33.504979",
      "sentiment": 0.07142857142857142,
      "sentiment_score": 0.07142857142857142,
      "sentiment_category": "neutral",
      "sentiment_analysis_details": {
        "score": 0.07142857142857142,
        "category": "neutral",
        "error": null
      }
    },
    {
      "topic": "global economy",
      "title": "World Economic Outlook, April 2025: A Critical Juncture ...",
      "url": "https://www.imf.org/en/Publications/WEO/Issues/2025/04/22/world-economic-outlook-april-2025",
      "snippet": "Global growth is projected to decline after a period of steady but underwhelming performance, amid policy shifts and new uncertainties. Global ...",
      "source": "serpapi_macro",
      "timestamp": "2025-07-02T15:23:33.505069",
      "sentiment": 0.07575757575757575,
      "sentiment_score": 0.07575757575757575,
      "sentiment_category": "neutral",
      "sentiment_analysis_details": {
        "score": 0.07575757575757575,
        "category": "neutral",
        "error": null
      }
    },
    {
      "topic": "global economy",
      "title": "World Economic Outlook (April 2025) - Real GDP growth",
      "url": "https://www.imf.org/external/datamapper/index.php",
      "snippet": "Real GDP growth · GDP, current prices. Billions of U.S. dollars. 46.93. thousand. Created with Highcharts 6.1.4. 2025. Emerging market and developing economies ...",
      "source": "serpapi_macro",
      "timestamp": "2025-07-02T15:23:33.505160",
      "sentiment": 0.1,
      "sentiment_score": 0.1,
      "sentiment_category": "neutral",
      "sentiment_analysis_details": {
        "score": 0.1,
        "category": "neutral",
        "error": null
      }
    },
    {
      "topic": "global economy",
      "title": "How does the global economy work?",
      "url": "https://www.edology.com/blog/accounting-finance/how-does-global-economy-work",
      "snippet": "The global economy refers to the interconnected worldwide economic activities that take place between multiple countries. These economic activities can have ...",
      "source": "serpapi_macro",
      "timestamp": "2025-07-02T15:23:33.505249",
      "sentiment": 0.1,
      "sentiment_score": 0.1,
      "sentiment_category": "neutral",
      "sentiment_analysis_details": {
        "score": 0.1,
        "category": "neutral",
        "error": null
      }
    },
    {
      "topic": "global economy",
      "title": "Global Economy",
      "url": "https://www.cnbc.com/world-economy/",
      "snippet": "Latest news and headlines around the world related to the state of the global economy.",
      "source": "serpapi_macro",
      "timestamp": "2025-07-02T15:23:33.505338",
      "sentiment": 0.16666666666666666,
      "sentiment_score": 0.16666666666666666,
      "sentiment_category": "mini bullish",
      "sentiment_analysis_details": {
        "score": 0.16666666666666666,
        "category": "mini bullish",
        "error": null
      }
    },
    {
      "topic": "global economy",
      "title": "The World Economic Forum",
      "url": "https://www.weforum.org/",
      "snippet": "Our mission: We bring together government, businesses and civil society to improve the state of the world.",
      "source": "serpapi_macro",
      "timestamp": "2025-07-02T15:23:33.505426",
      "sentiment": 0.0,
      "sentiment_score": 0.0,
      "sentiment_category": "neutral",
      "sentiment_analysis_details": {
        "score": 0.0,
        "category": "neutral",
        "error": null
      }
    },
    {
      "topic": "geopolitical tensions",
      "title": "Top Geopolitical Risks of 2025",
      "url": "https://www.spglobal.com/en/research-insights/market-insights/geopolitical-risk",
      "snippet": "The world is changing. Geopolitical fragmentation is being fueled by COVID-19, the war in Ukraine, U.S.-China relations and more.",
      "source": "serpapi_macro",
      "timestamp": "2025-07-02T15:23:42.405767",
      "sentiment": 0.5,
      "sentiment_score": 0.5,
      "sentiment_category": "mini bullish",
      "sentiment_analysis_details": {
        "score": 0.5,
        "category": "mini bullish",
        "error": null
      }
    },
    {
      "topic": "geopolitical tensions",
      "title": "How are geopolitical risks affecting the world economy?",
      "url": "https://www.economicsobservatory.com/how-are-geopolitical-risks-affecting-the-world-economy",
      "snippet": "Geopolitical risks posed by elections, polarisation and conflicts within and between states have inevitable knock-on effects on the economy, both globally and ...",
      "source": "serpapi_macro",
      "timestamp": "2025-07-02T15:23:42.405883",
      "sentiment": 0.0,
      "sentiment_score": 0.0,
      "sentiment_category": "neutral",
      "sentiment_analysis_details": {
        "score": 0.0,
        "category": "neutral",
        "error": null
      }
    },
    {
      "topic": "geopolitical tensions",
      "title": "How Geopolitical Risks Influence the Global Community",
      "url": "https://geopoliticalfutures.com/risk/",
      "snippet": "Geopolitical risks are defined as the potential political, economic, military, and social risks that can emerge from a nation's involvement in international ...",
      "source": "serpapi_macro",
      "timestamp": "2025-07-02T15:23:42.405954",
      "sentiment": 0.022222222222222223,
      "sentiment_score": 0.022222222222222223,
      "sentiment_category": "neutral",
      "sentiment_analysis_details": {
        "score": 0.022222222222222223,
        "category": "neutral",
        "error": null
      }
    },
    {
      "topic": "geopolitical tensions",
      "title": "Geopolitical Risk Dashboard | BlackRock Investment Institute",
      "url": "https://www.blackrock.com/corporate/insights/blackrock-investment-institute/interactive-charts/geopolitical-risk-dashboard",
      "snippet": "Top 10 risks by likelihood ; Middle East regional war, Regional conflict escalates, threatening energy infrastructure and increasing volatility.",
      "source": "serpapi_macro",
      "timestamp": "2025-07-02T15:23:42.406023",
      "sentiment": 0.25,
      "sentiment_score": 0.25,
      "sentiment_category": "mini bullish",
      "sentiment_analysis_details": {
        "score": 0.25,
        "category": "mini bullish",
        "error": null
      }
    },
    {
      "topic": "geopolitical tensions",
      "title": "Geopolitical conflict and its impact on global markets",
      "url": "https://www.usbank.com/investing/financial-perspectives/market-news/russia-ukraine-global-market.html",
      "snippet": "As the Russia-Ukraine war drags on in Europe, other geopolitical conflicts have emerged in the Middle East that threaten to impact global markets.",
      "source": "serpapi_macro",
      "timestamp": "2025-07-02T15:23:42.406090",
      "sentiment": -0.041666666666666664,
      "sentiment_score": -0.041666666666666664,
      "sentiment_category": "neutral",
      "sentiment_analysis_details": {
        "score": -0.041666666666666664,
        "category": "neutral",
        "error": null
      }
    },
    {
      "topic": "geopolitical tensions",
      "title": "Beyond borders: Assessing the influence of Geopolitical ...",
      "url": "https://www.sciencedirect.com/science/article/pii/S0176268024000521",
      "snippet": "We find that geopolitical tensions and global uncertainty in border countries contribute to the rise of European country's sovereign risk.",
      "source": "serpapi_macro",
      "timestamp": "2025-07-02T15:23:42.406159",
      "sentiment": 0.0,
      "sentiment_score": 0.0,
      "sentiment_category": "neutral",
      "sentiment_analysis_details": {
        "score": 0.0,
        "category": "neutral",
        "error": null
      }
    },
    {
      "topic": "geopolitical tensions",
      "title": "Geopolitical tensions - (AP World History: Modern)",
      "url": "https://library.fiveable.me/key-terms/ap-world/geopolitical-tensions",
      "snippet": "Geopolitical tensions refer to conflicts and rivalries between nations or regions that arise from their geographical, political, and economic interests.",
      "source": "serpapi_macro",
      "timestamp": "2025-07-02T15:23:42.406279",
      "sentiment": 0.1,
      "sentiment_score": 0.1,
      "sentiment_category": "neutral",
      "sentiment_analysis_details": {
        "score": 0.1,
        "category": "neutral",
        "error": null
      }
    },
    {
      "topic": "geopolitical tensions",
      "title": "Here's how geopolitics influences global trade",
      "url": "https://www.weforum.org/stories/2024/12/global-trade-geopolitics-uncertainty-economic-policy/",
      "snippet": "In a more fractious and divided world, countries are increasingly making trade decisions based on global politics rather than just economic benefits.",
      "source": "serpapi_macro",
      "timestamp": "2025-07-02T15:23:42.406348",
      "sentiment": 0.2333333333333333,
      "sentiment_score": 0.2333333333333333,
      "sentiment_category": "mini bullish",
      "sentiment_analysis_details": {
        "score": 0.2333333333333333,
        "category": "mini bullish",
        "error": null
      }
    },
    {
      "topic": "crypto adoption",
      "title": "2024 Global Crypto Adoption Index",
      "url": "https://www.chainalysis.com/blog/2024-global-crypto-adoption-index/",
      "snippet": "The 2024 Global Adoption Index: Central & Southern Asia and Oceania (CSAO) Region Leads the World in Terms of Global Cryptocurrency Adoption.",
      "source": "serpapi_macro",
      "timestamp": "2025-07-02T15:23:49.834314",
      "sentiment": 0.0,
      "sentiment_score": 0.0,
      "sentiment_category": "neutral",
      "sentiment_analysis_details": {
        "score": 0.0,
        "category": "neutral",
        "error": null
      }
    },
    {
      "topic": "crypto adoption",
      "title": "Cryptocurrency Ownership Data - Triple-A",
      "url": "https://www.triple-a.io/cryptocurrency-ownership-data",
      "snippet": "As of 2024, we estimated global cryptocurrency ownership rates at an average of 6.8%, with over 560 million cryptocurrencies users worldwide.",
      "source": "serpapi_macro",
      "timestamp": "2025-07-02T15:23:49.834416",
      "sentiment": -0.075,
      "sentiment_score": -0.075,
      "sentiment_category": "neutral",
      "sentiment_analysis_details": {
        "score": -0.075,
        "category": "neutral",
        "error": null
      }
    },
    {
      "topic": "crypto adoption",
      "title": "Crypto users worldwide 2016-2025",
      "url": "https://www.statista.com/statistics/1202503/global-cryptocurrency-user-base/",
      "snippet": "The number of cryptocurrency users in the world is estimated to have increased by nearly 40 million in the second half of 2024.",
      "source": "serpapi_macro",
      "timestamp": "2025-07-02T15:23:49.834464",
      "sentiment": -0.022222222222222216,
      "sentiment_score": -0.022222222222222216,
      "sentiment_category": "neutral",
      "sentiment_analysis_details": {
        "score": -0.022222222222222216,
        "category": "neutral",
        "error": null
      }
    },
    {
      "topic": "crypto adoption",
      "title": "2025 Cryptocurrency Adoption and Consumer Sentiment ...",
      "url": "https://www.security.org/digital-security/cryptocurrency-annual-consumer-report/",
      "snippet": "Cryptocurrency ownership has nearly doubled in the three years since the end of 2021. In 2025, approximately 28% of American adults, or about 65 ...",
      "source": "serpapi_macro",
      "timestamp": "2025-07-02T15:23:49.834510",
      "sentiment": -0.10000000000000002,
      "sentiment_score": -0.10000000000000002,
      "sentiment_category": "mini bearish",
      "sentiment_analysis_details": {
        "score": -0.10000000000000002,
        "category": "mini bearish",
        "error": null
      }
    },
    {
      "topic": "crypto adoption",
      "title": "Bitcoin adoption and price elasticity of demand",
      "url": "https://www.nature.com/articles/s41599-025-05148-5",
      "snippet": "This study investigates the global adoption of Bitcoin by analyzing its price elasticity of demand (PED) across 46 countries or regions, ...",
      "source": "serpapi_macro",
      "timestamp": "2025-07-02T15:23:49.834555",
      "sentiment": 0.0,
      "sentiment_score": 0.0,
      "sentiment_category": "neutral",
      "sentiment_analysis_details": {
        "score": 0.0,
        "category": "neutral",
        "error": null
      }
    },
    {
      "topic": "crypto adoption",
      "title": "Crypto Adoption Index | Crypto Wealth Report",
      "url": "https://www.henleyglobal.com/publications/crypto-wealth-report/crypto-adoption-index",
      "snippet": "The Crypto Adoption Index assesses investment migration options for crypto investors who want to craft a portfolio of alternative residence permits and ...",
      "source": "serpapi_macro",
      "timestamp": "2025-07-02T15:23:49.834602",
      "sentiment": 0.0,
      "sentiment_score": 0.0,
      "sentiment_category": "neutral",
      "sentiment_analysis_details": {
        "score": 0.0,
        "category": "neutral",
        "error": null
      }
    },
    {
      "topic": "crypto adoption",
      "title": "2024 Crypto Adoption and Illicit Exposure Report",
      "url": "https://www.trmlabs.com/resources/reports/2024-crypto-adoption-and-illicit-activity-report",
      "snippet": "This report examines the shifts and trends that shaped cryptocurrency adoption around the world in 2024, as well as which nations experienced the highest ...",
      "source": "serpapi_macro",
      "timestamp": "2025-07-02T15:23:49.834648",
      "sentiment": 0.8,
      "sentiment_score": 0.8,
      "sentiment_category": "bullish",
      "sentiment_analysis_details": {
        "score": 0.8,
        "category": "bullish",
        "error": null
      }
    },
    {
      "topic": "crypto adoption",
      "title": "2024 Geography of Cryptocurrency Report",
      "url": "https://go.chainalysis.com/2024-geography-of-cryptocurrency-report.html",
      "snippet": "We are excited to publish our fifth annual guide to cryptocurrency adoption and usage around the world. Our report includes original research and data.",
      "source": "serpapi_macro",
      "timestamp": "2025-07-02T15:23:49.834693",
      "sentiment": 0.375,
      "sentiment_score": 0.375,
      "sentiment_category": "mini bullish",
      "sentiment_analysis_details": {
        "score": 0.375,
        "category": "mini bullish",
        "error": null
      }
    },
    {
      "topic": "crypto adoption",
      "title": "2024 Trends: Crypto Adoption and Illicit Exposure by Country",
      "url": "https://www.trmlabs.com/resources/blog/2024-trends-crypto-adoption-and-illicit-activity-by-country",
      "snippet": "India, Indonesia, Nigeria, the United States, and Vietnam led in crypto adoption in 2024. Kenya saw the largest increase in crypto adoption, ...",
      "source": "serpapi_macro",
      "timestamp": "2025-07-02T15:23:49.834738",
      "sentiment": 0.0,
      "sentiment_score": 0.0,
      "sentiment_category": "neutral",
      "sentiment_analysis_details": {
        "score": 0.0,
        "category": "neutral",
        "error": null
      }
    },
    {
      "topic": "crypto ban",
      "title": "Legality of cryptocurrency by country or territory",
      "url": "https://en.wikipedia.org/wiki/Legality_of_cryptocurrency_by_country_or_territory",
      "snippet": "Afghanistan, Illegal, In August 2022 Taliban banned trading in cryptocurrencies. ; Kyrgyzstan, Legal, Bitcoin is considered a commodity, not a security or ...",
      "source": "serpapi_macro",
      "timestamp": "2025-07-02T15:23:52.055947",
      "sentiment": -0.15,
      "sentiment_score": -0.15,
      "sentiment_category": "mini bearish",
      "sentiment_analysis_details": {
        "score": -0.15,
        "category": "mini bearish",
        "error": null
      }
    },
    {
      "topic": "crypto ban",
      "title": "10 Countries Where Crypto Remains Banned in 2025",
      "url": "https://www.ccn.com/education/crypto/10-countries-where-crypto-remains-banned/",
      "snippet": "10 Countries Where Crypto Remains Banned in 2025 · 1. China · 2. Egypt · 3. Algeria · 4. Bangladesh · 5. Nepal · 6. Afghanistan · 7. Morocco · 8 ...",
      "source": "serpapi_macro",
      "timestamp": "2025-07-02T15:23:52.056084",
      "sentiment": 0.0,
      "sentiment_score": 0.0,
      "sentiment_category": "neutral",
      "sentiment_analysis_details": {
        "score": 0.0,
        "category": "neutral",
        "error": null
      }
    },
    {
      "topic": "crypto ban",
      "title": "Crypto Tracing, China's Crypto Ban, and Potential Global ...",
      "url": "https://www.thinkbrg.com/thinkset/ts-crypto-tracing-china-crypto-ban-global-regulation/",
      "snippet": "China has taken a particularly tough stance, banning cryptocurrency exchanges and ICOs in 2017. However, some reports suggest that the country is now exploring ...",
      "source": "serpapi_macro",
      "timestamp": "2025-07-02T15:23:52.056176",
      "sentiment": -0.3888888888888889,
      "sentiment_score": -0.3888888888888889,
      "sentiment_category": "mini bearish",
      "sentiment_analysis_details": {
        "score": -0.3888888888888889,
        "category": "mini bearish",
        "error": null
      }
    },
    {
      "topic": "crypto ban",
      "title": "FCA to lift ban on crypto ETNs to support UK growth and ...",
      "url": "https://www.fca.org.uk/news/press-releases/fca-lift-ban-crypto-exchange-traded-notes",
      "snippet": "The FCA is proposing to lift the ban on offering crypto exchange traded notes to retail investors.",
      "source": "serpapi_macro",
      "timestamp": "2025-07-02T15:23:52.056266",
      "sentiment": 0.0,
      "sentiment_score": 0.0,
      "sentiment_category": "neutral",
      "sentiment_analysis_details": {
        "score": 0.0,
        "category": "neutral",
        "error": null
      }
    },
    {
      "topic": "crypto ban",
      "title": "General Crypto Ban (the end of Bitcoin)",
      "url": "https://www.reddit.com/r/Bitcoin/comments/1b6h42o/general_crypto_ban_the_end_of_bitcoin/",
      "snippet": "They simply prohibit all types of businesses from accepting crypto as payment. This would completely disconnect all economic sense from bitcoin and other ...",
      "source": "serpapi_macro",
      "timestamp": "2025-07-02T15:23:52.056355",
      "sentiment": 0.04375000000000001,
      "sentiment_score": 0.04375000000000001,
      "sentiment_category": "neutral",
      "sentiment_analysis_details": {
        "score": 0.04375000000000001,
        "category": "neutral",
        "error": null
      }
    },
    {
      "topic": "crypto ban",
      "title": "How effective is China's cryptocurrency trading ban?",
      "url": "https://www.sciencedirect.com/science/article/abs/pii/S1544612321004189",
      "snippet": "We examine the effectiveness of China's cryptocurrency trading ban through the study of attention-driven behaviour of Chinese investors.",
      "source": "serpapi_macro",
      "timestamp": "2025-07-02T15:23:52.056446",
      "sentiment": 0.0,
      "sentiment_score": 0.0,
      "sentiment_category": "neutral",
      "sentiment_analysis_details": {
        "score": 0.0,
        "category": "neutral",
        "error": null
      }
    },
    {
      "topic": "crypto ban",
      "title": "Crypto Ban",
      "url": "https://www.coindesk.com/tag/crypto-ban",
      "snippet": "Russia's central bank said in a report released Thursday the country must make crypto trading, mining, and usage illegal. CoinDesk reporter Anna Baydakova ...",
      "source": "serpapi_macro",
      "timestamp": "2025-07-02T15:23:52.056534",
      "sentiment": -0.25,
      "sentiment_score": -0.25,
      "sentiment_category": "mini bearish",
      "sentiment_analysis_details": {
        "score": -0.25,
        "category": "mini bearish",
        "error": null
      }
    },
    {
      "topic": "crypto regulation",
      "title": "Cryptocurrency Regulation: A Guide to U.S. & Global Policies",
      "url": "https://www.britannica.com/money/cryptocurrency-regulation",
      "snippet": "Cryptocurrency regulations across jurisdictions can range from detailed rules designed to support blockchain users to outright bans on the trading or use of ...",
      "source": "serpapi_macro",
      "timestamp": "2025-07-02T15:23:56.118090",
      "sentiment": 0.4,
      "sentiment_score": 0.4,
      "sentiment_category": "mini bullish",
      "sentiment_analysis_details": {
        "score": 0.4,
        "category": "mini bullish",
        "error": null
      }
    },
    {
      "topic": "crypto regulation",
      "title": "Regulating crypto: Why, how, and who | ...",
      "url": "https://www.brookings.edu/collection/regulating-crypto-why-how-and-who/",
      "snippet": "Benham noted that, unlike other commodities CFTC regulates where participants are often large insitutions or wealthy individuals, crypto has “more vulnerable ...",
      "source": "serpapi_macro",
      "timestamp": "2025-07-02T15:23:56.118223",
      "sentiment": 0.11785714285714288,
      "sentiment_score": 0.11785714285714288,
      "sentiment_category": "mini bullish",
      "sentiment_analysis_details": {
        "score": 0.11785714285714288,
        "category": "mini bullish",
        "error": null
      }
    },
    {
      "topic": "crypto regulation",
      "title": "Crypto Task Force",
      "url": "https://www.sec.gov/about/crypto-task-force",
      "snippet": "The Crypto Task Force seeks to provide clarity on the application of the federal securities laws to the crypto asset market and to recommend practical policy ...",
      "source": "serpapi_macro",
      "timestamp": "2025-07-02T15:23:56.118271",
      "sentiment": 0.0,
      "sentiment_score": 0.0,
      "sentiment_category": "neutral",
      "sentiment_analysis_details": {
        "score": 0.0,
        "category": "neutral",
        "error": null
      }
    },
    {
      "topic": "crypto regulation",
      "title": "What to know about the GENIUS Act, a crypto regulation bill",
      "url": "https://abcnews.go.com/Business/genius-act-crypto-regulation-bill/story?id=121981442",
      "snippet": "The Senate voted 68-30 late Tuesday to pass the GENIUS Act, a bill that aims to regulate some cryptocurrencies.",
      "source": "serpapi_macro",
      "timestamp": "2025-07-02T15:23:56.118315",
      "sentiment": -0.3,
      "sentiment_score": -0.3,
      "sentiment_category": "mini bearish",
      "sentiment_analysis_details": {
        "score": -0.3,
        "category": "mini bearish",
        "error": null
      }
    },
    {
      "topic": "crypto regulation",
      "title": "Crypto Regulations in the US—A Complete Guide (2025)",
      "url": "https://sumsub.com/blog/crypto-regulations-in-the-us-a-complete-guide/",
      "snippet": "Learn how the current legislative crypto framework functions in the US and how it may change in the future in this article.",
      "source": "serpapi_macro",
      "timestamp": "2025-07-02T15:23:56.118355",
      "sentiment": 0.0,
      "sentiment_score": 0.0,
      "sentiment_category": "neutral",
      "sentiment_analysis_details": {
        "score": 0.0,
        "category": "neutral",
        "error": null
      }
    },
    {
      "topic": "crypto regulation",
      "title": "Crypto-assets: how the EU is regulating markets - Consilium",
      "url": "https://www.consilium.europa.eu/en/policies/crypto-assets-how-the-eu-is-regulating-markets/",
      "snippet": "EU rules on markets in crypto-assets better protect consumers and investors, regulate risks against financial crime and boost innovation.",
      "source": "serpapi_macro",
      "timestamp": "2025-07-02T15:23:56.118396",
      "sentiment": 0.25,
      "sentiment_score": 0.25,
      "sentiment_category": "mini bullish",
      "sentiment_analysis_details": {
        "score": 0.25,
        "category": "mini bullish",
        "error": null
      }
    },
    {
      "topic": "SEC ruling crypto",
      "title": "Crypto Task Force",
      "url": "https://www.sec.gov/about/crypto-task-force",
      "snippet": "The Crypto Task Force seeks to provide clarity on the application of the federal securities laws to the crypto asset market and to recommend practical policy ...",
      "source": "serpapi_macro",
      "timestamp": "2025-07-02T15:23:58.586959",
      "sentiment": 0.0,
      "sentiment_score": 0.0,
      "sentiment_category": "neutral",
      "sentiment_analysis_details": {
        "score": 0.0,
        "category": "neutral",
        "error": null
      }
    },
    {
      "topic": "SEC ruling crypto",
      "title": "Crypto Asset Exchange-Traded Products",
      "url": "https://www.sec.gov/newsroom/speeches-statements/cf-crypto-asset-exchange-traded-products-070125",
      "snippet": "SEC rules require a discussion of the material factors that make an investment in the issuer and product speculative or risky.[11] The content ...",
      "source": "serpapi_macro",
      "timestamp": "2025-07-02T15:23:58.587099",
      "sentiment": -0.1,
      "sentiment_score": -0.1,
      "sentiment_category": "neutral",
      "sentiment_analysis_details": {
        "score": -0.1,
        "category": "neutral",
        "error": null
      }
    },
    {
      "topic": "SEC ruling crypto",
      "title": "SEC's 2025 guidance: What tokens are (and aren't) securities",
      "url": "https://cointelegraph.com/explained/secs-2025-guidance-what-tokens-are-and-arent-securities",
      "snippet": "Tokens likely deemed securities by the SEC. The SEC's 2025 rules say crypto tokens are likely securities if they act like investment contracts.",
      "source": "serpapi_macro",
      "timestamp": "2025-07-02T15:23:58.587194",
      "sentiment": -0.05,
      "sentiment_score": -0.05,
      "sentiment_category": "neutral",
      "sentiment_analysis_details": {
        "score": -0.05,
        "category": "neutral",
        "error": null
      }
    },
    {
      "topic": "SEC ruling crypto",
      "title": "SEC Paves the Way for Crypto Asset Activities by Broker ...",
      "url": "https://www.sidley.com/en/insights/newsupdates/2025/05/sec-paves-the-way-for-crypto-asset-activities-by-broker-dealers-and-transfer-agents",
      "snippet": "SEC Rule 15c3-3(b)(1) requires a broker-dealer to promptly obtain, and thereafter maintain, the possession or control of all “fully-paid” ...",
      "source": "serpapi_macro",
      "timestamp": "2025-07-02T15:23:58.587285",
      "sentiment": -0.1,
      "sentiment_score": -0.1,
      "sentiment_category": "neutral",
      "sentiment_analysis_details": {
        "score": -0.1,
        "category": "neutral",
        "error": null
      }
    },
    {
      "topic": "SEC ruling crypto",
      "title": "Frequently Asked Questions Relating to Crypto Asset ...",
      "url": "https://www.sec.gov/rules-regulations/staff-guidance/trading-markets-frequently-asked-questions/frequently-asked-questions-relating-crypto-asset-activities-distributed-ledger-technology",
      "snippet": "Staff welcomes questions about the application of the Commission's transfer agent rules to crypto asset activities and distributed ledger ...",
      "source": "serpapi_macro",
      "timestamp": "2025-07-02T15:23:58.587377",
      "sentiment": 0.0,
      "sentiment_score": 0.0,
      "sentiment_category": "neutral",
      "sentiment_analysis_details": {
        "score": 0.0,
        "category": "neutral",
        "error": null
      }
    },
    {
      "topic": "SEC ruling crypto",
      "title": "The SEC's Shifting Playbook on Crypto Regulation",
      "url": "https://www.law.georgetown.edu/ctbl/blog/beyond-enforcement-the-secs-shifting-playbook-on-crypto-regulation/",
      "snippet": "The SEC has designated cryptocurrencies as a key examination priority for 2025[35], focusing on registrants offering crypto-related services, ...",
      "source": "serpapi_macro",
      "timestamp": "2025-07-02T15:23:58.587472",
      "sentiment": -0.05,
      "sentiment_score": -0.05,
      "sentiment_category": "neutral",
      "sentiment_analysis_details": {
        "score": -0.05,
        "category": "neutral",
        "error": null
      }
    },
    {
      "topic": "SEC ruling crypto",
      "title": "SEC Cryptocurrency Regulations",
      "url": "https://www.dfinsolutions.com/knowledge-hub/thought-leadership/knowledge-resources/sec-cryptocurrency-regulations",
      "snippet": "Publicly traded companies that hold, issue, or invest in cryptocurrencies must provide detailed disclosures in their quarterly (10-Q filing) and ...",
      "source": "serpapi_macro",
      "timestamp": "2025-07-02T15:23:58.587565",
      "sentiment": 0.2,
      "sentiment_score": 0.2,
      "sentiment_category": "mini bullish",
      "sentiment_analysis_details": {
        "score": 0.2,
        "category": "mini bullish",
        "error": null
      }
    },
    {
      "topic": "SEC ruling crypto",
      "title": "SEC Says Bitcoin is NOT a Security | Cryptocurrency Law",
      "url": "https://gordonlaw.com/learn/sec-says-bitcoin-not-security/",
      "snippet": "The U.S. Securities and Exchange Commission declared that Bitcoin is not a security. Jump in to learn more about the decision and its industry impact.",
      "source": "serpapi_macro",
      "timestamp": "2025-07-02T15:23:58.587658",
      "sentiment": 0.5,
      "sentiment_score": 0.5,
      "sentiment_category": "mini bullish",
      "sentiment_analysis_details": {
        "score": 0.5,
        "category": "mini bullish",
        "error": null
      }
    },
    {
      "topic": "SEC ruling crypto",
      "title": "More Confusion on Crypto Asset Security Status",
      "url": "https://www.sec.gov/newsroom/speeches-statements/crenshaw-statement-crypto-asset-security-status-053125",
      "snippet": "In the name of this clarity, we've seen staff statement after staff statement, pronouncing that all sorts of crypto assets are not securities.[4] ...",
      "source": "serpapi_macro",
      "timestamp": "2025-07-02T15:23:58.587750",
      "sentiment": 0.0,
      "sentiment_score": 0.0,
      "sentiment_category": "neutral",
      "sentiment_analysis_details": {
        "score": 0.0,
        "category": "neutral",
        "error": null
      }
    },
    {
      "topic": "court decision cryptocurrency",
      "title": "Supreme Court Declines Crypto Privacy Case, Upholds ...",
      "url": "https://news.bitcoin.com/supreme-court-declines-crypto-privacy-case-upholds-irs-access-without-warrant/",
      "snippet": "The Supreme Court's refusal to hear a major crypto privacy case leaves intact rulings that uphold the IRS' power to obtain bitcoin user data ...",
      "source": "serpapi_macro",
      "timestamp": "2025-07-02T15:24:00.615422",
      "sentiment": 0.0625,
      "sentiment_score": 0.0625,
      "sentiment_category": "neutral",
      "sentiment_analysis_details": {
        "score": 0.0625,
        "category": "neutral",
        "error": null
      }
    },
    {
      "topic": "court decision cryptocurrency",
      "title": "Crypto in the Courts: Five Cases Reshaping Digital Asset ...",
      "url": "https://katten.com/crypto-in-the-courts-five-cases-reshaping-digital-asset-regulation-in-2025",
      "snippet": "This article examines five cases that may define the future of digital asset regulation in the United States and sets out the issues at stake in those cases.",
      "source": "serpapi_macro",
      "timestamp": "2025-07-02T15:24:00.615578",
      "sentiment": 0.0,
      "sentiment_score": 0.0,
      "sentiment_category": "neutral",
      "sentiment_analysis_details": {
        "score": 0.0,
        "category": "neutral",
        "error": null
      }
    },
    {
      "topic": "court decision cryptocurrency",
      "title": "Supreme Court Rebuffs Bid to Protect Coinbase User Data ...",
      "url": "https://www.bloomberg.com/news/articles/2025-06-30/supreme-court-rebuffs-bid-to-protect-coinbase-user-data-from-irs",
      "snippet": "The US Supreme Court refused to question an Internal Revenue Service (IRS) summons that forced Coinbase to turn over transaction information for ...",
      "source": "serpapi_macro",
      "timestamp": "2025-07-02T15:24:00.615675",
      "sentiment": -0.15000000000000002,
      "sentiment_score": -0.15000000000000002,
      "sentiment_category": "mini bearish",
      "sentiment_analysis_details": {
        "score": -0.15000000000000002,
        "category": "mini bearish",
        "error": null
      }
    },
    {
      "topic": "court decision cryptocurrency",
      "title": "Supreme Court's Decision Shifts the Ground Beneath ...",
      "url": "https://www.onesafe.io/blog/supreme-court-cryptocurrency-privacy",
      "snippet": "The Supreme Court's ruling grants the IRS unprecedented access to Coinbase user data, igniting privacy concerns and reshaping cryptocurrency ...",
      "source": "serpapi_macro",
      "timestamp": "2025-07-02T15:24:00.615776",
      "sentiment": 0.6,
      "sentiment_score": 0.6,
      "sentiment_category": "bullish",
      "sentiment_analysis_details": {
        "score": 0.6,
        "category": "bullish",
        "error": null
      }
    },
    {
      "topic": "court decision cryptocurrency",
      "title": "Supreme Court Upholds IRS Access to Crypto User Data ...",
      "url": "https://www.ainvest.com/news/supreme-court-upholds-irs-access-crypto-user-data-warrants-2507/",
      "snippet": "The Supreme Court's decision not to hear the case means that the IRS can continue to seek crypto user data without individual warrants. This ...",
      "source": "serpapi_macro",
      "timestamp": "2025-07-02T15:24:00.615868",
      "sentiment": 0.0,
      "sentiment_score": 0.0,
      "sentiment_category": "neutral",
      "sentiment_analysis_details": {
        "score": 0.0,
        "category": "neutral",
        "error": null
      }
    },
    {
      "topic": "court decision cryptocurrency",
      "title": "Third Circuit Coinbase Decision Pressures SEC on Crypto ...",
      "url": "https://www.ropesgray.com/en/insights/alerts/2025/01/third-circuit-coinbase-decision-pressures-sec-on-crypto-rulemaking",
      "snippet": "The Court agreed with Coinbase that the SEC's explanation was insufficient and remanded the issue back to the SEC for a more comprehensive ...",
      "source": "serpapi_macro",
      "timestamp": "2025-07-02T15:24:00.615961",
      "sentiment": 0.075,
      "sentiment_score": 0.075,
      "sentiment_category": "neutral",
      "sentiment_analysis_details": {
        "score": 0.075,
        "category": "neutral",
        "error": null
      }
    },
    {
      "topic": "court decision cryptocurrency",
      "title": "Cryptocurrency, Sweepstakes, and the Supreme Court",
      "url": "https://www.consumerfinancialserviceslawmonitor.com/2024/05/cryptocurrency-sweepstakes-and-the-supreme-court-a-tale-of-two-contracts/",
      "snippet": "The decision teaches a cautionary lesson that parties with multiple contracts between them must keep issues of arbitrability consistent between the contracts.",
      "source": "serpapi_macro",
      "timestamp": "2025-07-02T15:24:00.616053",
      "sentiment": 0.125,
      "sentiment_score": 0.125,
      "sentiment_category": "mini bullish",
      "sentiment_analysis_details": {
        "score": 0.125,
        "category": "mini bullish",
        "error": null
      }
    },
    {
      "topic": "court decision cryptocurrency",
      "title": "23-3 Coinbase, Inc. v. Suski (05/23/2024)",
      "url": "https://www.supremecourt.gov/opinions/23pdf/23-3_879d.pdf",
      "snippet": "The dispute here involves a conflict between two contracts executed by petitioner Coinbase, Inc., operator of a cryptocurrency exchange plat-.",
      "source": "serpapi_macro",
      "timestamp": "2025-07-02T15:24:00.616150",
      "sentiment": 0.0,
      "sentiment_score": 0.0,
      "sentiment_category": "neutral",
      "sentiment_analysis_details": {
        "score": 0.0,
        "category": "neutral",
        "error": null
      }
    },
    {
      "topic": "gold price",
      "title": "Gold Price Charts & Historical Data - GoldPrice.org",
      "url": "https://goldprice.org/",
      "snippet": "GOLDPRICE.ORG - The No. 1 gold price site for fast loading live gold price charts in ounces, grams and kilos in every national currency in the world.",
      "source": "serpapi_macro",
      "timestamp": "2025-07-02T15:24:02.533243",
      "sentiment": 0.16818181818181818,
      "sentiment_score": 0.16818181818181818,
      "sentiment_category": "mini bullish",
      "sentiment_analysis_details": {
        "score": 0.16818181818181818,
        "category": "mini bullish",
        "error": null
      }
    },
    {
      "topic": "gold price",
      "title": "Price of Gold Per Ounce | 24 Hour Spot Chart",
      "url": "https://www.kitco.com/charts/gold",
      "snippet": "Live Gold Charts and Gold Spot Price from International Gold Markets, Prices from New York, London, Hong Kong and Sydney provided by Kitco.",
      "source": "serpapi_macro",
      "timestamp": "2025-07-02T15:24:02.533389",
      "sentiment": 0.0909090909090909,
      "sentiment_score": 0.0909090909090909,
      "sentiment_category": "neutral",
      "sentiment_analysis_details": {
        "score": 0.0909090909090909,
        "category": "neutral",
        "error": null
      }
    },
    {
      "topic": "gold price",
      "title": "Gold Price Today | Gold Spot Price Charts",
      "url": "https://www.apmex.com/gold-price",
      "snippet": "APMEX lists live gold prices and Silver prices as well as historical data related to gold spot prices. All prices are updated in real-time.",
      "source": "serpapi_macro",
      "timestamp": "2025-07-02T15:24:02.533485",
      "sentiment": 0.04545454545454545,
      "sentiment_score": 0.04545454545454545,
      "sentiment_category": "neutral",
      "sentiment_analysis_details": {
        "score": 0.04545454545454545,
        "category": "neutral",
        "error": null
      }
    },
    {
      "topic": "gold price",
      "title": "Gold Spot Price Today",
      "url": "https://sdbullion.com/gold-price?srsltid=AfmBOoo4KMC6kbOEititBios7MrLvOc-1qmN7tWOv_TAtiif80lKCzWU",
      "snippet": "View the live gold spot price per troy ounce, gram, and kilogram. You can also see the 24-hour price trend for each weight.",
      "source": "serpapi_macro",
      "timestamp": "2025-07-02T15:24:02.533577",
      "sentiment": 0.13636363636363635,
      "sentiment_score": 0.13636363636363635,
      "sentiment_category": "mini bullish",
      "sentiment_analysis_details": {
        "score": 0.13636363636363635,
        "category": "mini bullish",
        "error": null
      }
    },
    {
      "topic": "gold price",
      "title": "HSBC ups gold price outlook for 2025 and 2026",
      "url": "https://www.mining.com/hsbc-ups-gold-price-outlook-for-2025-and-2026/",
      "snippet": "The bank now expects gold to average $3,215/oz in 2025 and $3,125/oz in 2026, up from previous estimates of $3,015 and $2,915, respectively. The ...",
      "source": "serpapi_macro",
      "timestamp": "2025-07-02T15:24:02.533667",
      "sentiment": -0.10555555555555556,
      "sentiment_score": -0.10555555555555556,
      "sentiment_category": "mini bearish",
      "sentiment_analysis_details": {
        "score": -0.10555555555555556,
        "category": "mini bearish",
        "error": null
      }
    },
    {
      "topic": "central bank gold reserve",
      "title": "Central Banks Gold Reserves by Country",
      "url": "https://www.gold.org/goldhub/data/gold-reserves-by-country",
      "snippet": "We publish gold reserve data – compiled using IMF IFS statistics – which tracks central banks' (and other official institutions, where appropriate) reported ...",
      "source": "serpapi_macro",
      "timestamp": "2025-07-02T15:24:07.480319",
      "sentiment": 0.125,
      "sentiment_score": 0.125,
      "sentiment_category": "mini bullish",
      "sentiment_analysis_details": {
        "score": 0.125,
        "category": "mini bullish",
        "error": null
      }
    },
    {
      "topic": "central bank gold reserve",
      "title": "Central bank gold buying picks up in May",
      "url": "https://www.gold.org/goldhub/gold-focus/2025/07/central-bank-gold-buying-picks-may",
      "snippet": "Central banks added a net 20t to global gold reserves in May, an uptick from the previous month, though overall pace has moderated slightly.",
      "source": "serpapi_macro",
      "timestamp": "2025-07-02T15:24:07.480465",
      "sentiment": -0.05555555555555555,
      "sentiment_score": -0.05555555555555555,
      "sentiment_category": "neutral",
      "sentiment_analysis_details": {
        "score": -0.05555555555555555,
        "category": "neutral",
        "error": null
      }
    },
    {
      "topic": "central bank gold reserve",
      "title": "Central Bank Gold Reserves By Country | Map",
      "url": "https://www.bullionvault.com/gold-news/infographics/central-bank-gold-reserves-by-country",
      "snippet": "Overall, the total quantity of gold held in national central-bank reserves has increased almost 19% by weight over the past 20 years – and it ...",
      "source": "serpapi_macro",
      "timestamp": "2025-07-02T15:24:07.480563",
      "sentiment": -0.08333333333333333,
      "sentiment_score": -0.08333333333333333,
      "sentiment_category": "neutral",
      "sentiment_analysis_details": {
        "score": -0.08333333333333333,
        "category": "neutral",
        "error": null
      }
    },
    {
      "topic": "central bank gold reserve",
      "title": "Gold reserve",
      "url": "https://en.wikipedia.org/wiki/Gold_reserve",
      "snippet": "A gold reserve is the gold held by a national central bank, intended mainly as a guarantee to redeem promises to pay depositors, note holders",
      "source": "serpapi_macro",
      "timestamp": "2025-07-02T15:24:07.480662",
      "sentiment": 0.08333333333333333,
      "sentiment_score": 0.08333333333333333,
      "sentiment_category": "neutral",
      "sentiment_analysis_details": {
        "score": 0.08333333333333333,
        "category": "neutral",
        "error": null
      }
    },
    {
      "topic": "central bank gold reserve",
      "title": "Gold is now the world's second-largest reserve asset",
      "url": "https://www.cnbc.com/2025/06/11/gold-overtakes-euro-as-second-biggest-global-reserve-asset.html",
      "snippet": "In 2023, gold and the euro were roughly level at around 16.5% as a share of global official reserves on average, a CNBC calculation of ECB data ...",
      "source": "serpapi_macro",
      "timestamp": "2025-07-02T15:24:07.480755",
      "sentiment": -0.08333333333333333,
      "sentiment_score": -0.08333333333333333,
      "sentiment_category": "neutral",
      "sentiment_analysis_details": {
        "score": -0.08333333333333333,
        "category": "neutral",
        "error": null
      }
    },
    {
      "topic": "central bank gold reserve",
      "title": "Gold Reserves - Countries - List",
      "url": "https://tradingeconomics.com/country-list/gold-reserves",
      "snippet": "This page provides values for Gold Reserves reported in several countries. The table has current values for Gold Reserves, previous releases, historical highs ...",
      "source": "serpapi_macro",
      "timestamp": "2025-07-02T15:24:07.480848",
      "sentiment": -0.041666666666666664,
      "sentiment_score": -0.041666666666666664,
      "sentiment_category": "neutral",
      "sentiment_analysis_details": {
        "score": -0.041666666666666664,
        "category": "neutral",
        "error": null
      }
    },
    {
      "topic": "central bank gold reserve",
      "title": "Why does the Central Bank have gold and where is it stored?",
      "url": "https://cb.is/knowledge-bank/educational-material/article/why-does-the-central-bank-have-gold-and-where-is-it-stored",
      "snippet": "The value of the gold at the end of 2023 was around ISK 18 billion. The gold is calculated as part of the Central Bank's international reserves, which at that ...",
      "source": "serpapi_macro",
      "timestamp": "2025-07-02T15:24:07.480939",
      "sentiment": 0.0,
      "sentiment_score": 0.0,
      "sentiment_category": "neutral",
      "sentiment_analysis_details": {
        "score": 0.0,
        "category": "neutral",
        "error": null
      }
    },
    {
      "topic": "central bank gold reserve",
      "title": "Is the central bank gold rush over?",
      "url": "https://www.centralbanking.com/central-banks/reserves/gold/7972975/is-the-central-bank-gold-rush-over",
      "snippet": "World Gold Council data shows central banks bought 1,082 tonnes of bullion in 2022, 1,037 tonnes in 2023 and 1,044 in 2024. A troy ounce of the ...",
      "source": "serpapi_macro",
      "timestamp": "2025-07-02T15:24:07.481032",
      "sentiment": 0.0,
      "sentiment_score": 0.0,
      "sentiment_category": "neutral",
      "sentiment_analysis_details": {
        "score": 0.0,
        "category": "neutral",
        "error": null
      }
    },
    {
      "topic": "trade tariffs",
      "title": "Trump tariffs live updates: Trump suggests he won't extend ...",
      "url": "https://finance.yahoo.com/news/live/trump-tariffs-live-updates-trump-suggests-he-wont-extend-tariff-pause-floats-higher-tariff-level-for-japan-200619825.html",
      "snippet": "President Trump on Tuesday suggested that his team would force Japan to accept higher tariffs of \"30%, 35%, or whatever the number is that ...",
      "source": "serpapi_macro",
      "timestamp": "2025-07-02T15:24:13.518573",
      "sentiment": 0.25,
      "sentiment_score": 0.25,
      "sentiment_category": "mini bullish",
      "sentiment_analysis_details": {
        "score": 0.25,
        "category": "mini bullish",
        "error": null
      }
    },
    {
      "topic": "trade tariffs",
      "title": "the deadline for Trump's 'reciprocal' trade tariffs is looming",
      "url": "https://theconversation.com/im-going-to-send-letters-the-deadline-for-trumps-reciprocal-trade-tariffs-is-looming-259983",
      "snippet": "US President Donald Trump's 90-day pause on implementing so-called “reciprocal” tariffs on some 180 trading partners ends on July 8.",
      "source": "serpapi_macro",
      "timestamp": "2025-07-02T15:24:13.518671",
      "sentiment": 0.0,
      "sentiment_score": 0.0,
      "sentiment_category": "neutral",
      "sentiment_analysis_details": {
        "score": 0.0,
        "category": "neutral",
        "error": null
      }
    },
    {
      "topic": "trade tariffs",
      "title": "Import Tariffs & Fees Overview and Resources",
      "url": "https://www.trade.gov/import-tariffs-fees-overview-and-resources",
      "snippet": "This tariff search tool allows you to search duty rates MFN (standard) and Free Trade Agreement (preferential) as well as local taxes for over 170 countries.",
      "source": "serpapi_macro",
      "timestamp": "2025-07-02T15:24:13.518715",
      "sentiment": 0.13333333333333333,
      "sentiment_score": 0.13333333333333333,
      "sentiment_category": "mini bullish",
      "sentiment_analysis_details": {
        "score": 0.13333333333333333,
        "category": "mini bullish",
        "error": null
      }
    },
    {
      "topic": "trade tariffs",
      "title": "What to Know About Trump's 'Trade Deals' as Tariff ...",
      "url": "https://time.com/7299006/trump-trade-deals-negotiations-expectations-tariffs-deadline-china-japan-canada/",
      "snippet": "Less than 10 days till President Donald Trump's higher “reciprocal” tariffs kick back in for most of the world, the U.S. looks like it may ...",
      "source": "serpapi_macro",
      "timestamp": "2025-07-02T15:24:13.518757",
      "sentiment": 0.14583333333333334,
      "sentiment_score": 0.14583333333333334,
      "sentiment_category": "mini bullish",
      "sentiment_analysis_details": {
        "score": 0.14583333333333334,
        "category": "mini bullish",
        "error": null
      }
    },
    {
      "topic": "trade tariffs",
      "title": "What Are Tariffs?",
      "url": "https://www.cfr.org/backgrounder/what-are-tariffs",
      "snippet": "Tariffs are a form of tax applied on imports from other countries. · Countries have used them to protect domestic industries, such as agriculture and renewable ...",
      "source": "serpapi_macro",
      "timestamp": "2025-07-02T15:24:13.518798",
      "sentiment": -0.041666666666666664,
      "sentiment_score": -0.041666666666666664,
      "sentiment_category": "neutral",
      "sentiment_analysis_details": {
        "score": -0.041666666666666664,
        "category": "neutral",
        "error": null
      }
    },
    {
      "topic": "trade tariffs",
      "title": "Trump Threatens 35% Japan Tariffs. India Nearing Deal as ...",
      "url": "https://www.barrons.com/articles/trump-tariffs-japan-india-trade-deadline-59b2156b",
      "snippet": "President Donald Trump reiterated his July 9 deadline for trade deals as he teased a 35% tariff for Japan. India, meanwhile, looks like it ...",
      "source": "serpapi_macro",
      "timestamp": "2025-07-02T15:24:13.518840",
      "sentiment": 0.0,
      "sentiment_score": 0.0,
      "sentiment_category": "neutral",
      "sentiment_analysis_details": {
        "score": 0.0,
        "category": "neutral",
        "error": null
      }
    },
    {
      "topic": "trade tariffs",
      "title": "Trump 2.0 tariff tracker",
      "url": "https://www.tradecomplianceresourcehub.com/2025/06/27/trump-2-0-tariff-tracker/",
      "snippet": "Country-specific tariffs · Effective May 14, 2025: additional 10% ad valorem tariff on all U.S.-origin goods · Effective Apr. 10, 2025; to be ...",
      "source": "serpapi_macro",
      "timestamp": "2025-07-02T15:24:13.518881",
      "sentiment": 0.6,
      "sentiment_score": 0.6,
      "sentiment_category": "bullish",
      "sentiment_analysis_details": {
        "score": 0.6,
        "category": "bullish",
        "error": null
      }
    },
    {
      "topic": "trade tariffs",
      "title": "Status of U.S. Bilateral Trade Negotiations as the July 9 ...",
      "url": "https://www.hklaw.com/en/insights/publications/2025/07/status-of-us-bilateral-trade-negotiations-as-the-deadline-approaches",
      "snippet": "On April 2, 2025, President Trump announced \"reciprocal\" tariffs on imports of goods from every U.S. trading partner, throwing U.S. bilateral ...",
      "source": "serpapi_macro",
      "timestamp": "2025-07-02T15:24:13.518921",
      "sentiment": 0.0,
      "sentiment_score": 0.0,
      "sentiment_category": "neutral",
      "sentiment_analysis_details": {
        "score": 0.0,
        "category": "neutral",
        "error": null
      }
    },
    {
      "topic": "economic sanctions",
      "title": "Economic sanctions",
      "url": "https://en.wikipedia.org/wiki/Economic_sanctions",
      "snippet": "Economic sanctions or embargoes are commercial and financial penalties applied by states or institutions against states, groups, or individuals.",
      "source": "serpapi_macro",
      "timestamp": "2025-07-02T15:24:21.135714",
      "sentiment": 0.06666666666666667,
      "sentiment_score": 0.06666666666666667,
      "sentiment_category": "neutral",
      "sentiment_analysis_details": {
        "score": 0.06666666666666667,
        "category": "neutral",
        "error": null
      }
    },
    {
      "topic": "economic sanctions",
      "title": "What Are Economic Sanctions?",
      "url": "https://www.cfr.org/backgrounder/what-are-economic-sanctions",
      "snippet": "Economic sanctions are defined as the withdrawal of customary trade and financial relations for foreign- and security-policy purposes.",
      "source": "serpapi_macro",
      "timestamp": "2025-07-02T15:24:21.135847",
      "sentiment": 0.025000000000000005,
      "sentiment_score": 0.025000000000000005,
      "sentiment_category": "neutral",
      "sentiment_analysis_details": {
        "score": 0.025000000000000005,
        "category": "neutral",
        "error": null
      }
    },
    {
      "topic": "economic sanctions",
      "title": "Sanctions Programs and Country Information",
      "url": "https://ofac.treasury.gov/sanctions-programs-and-country-information",
      "snippet": "The sanctions can be either comprehensive or selective, using the blocking of assets and trade restrictions to accomplish foreign policy and national security ...",
      "source": "serpapi_macro",
      "timestamp": "2025-07-02T15:24:21.135940",
      "sentiment": -0.125,
      "sentiment_score": -0.125,
      "sentiment_category": "mini bearish",
      "sentiment_analysis_details": {
        "score": -0.125,
        "category": "mini bearish",
        "error": null
      }
    },
    {
      "topic": "economic sanctions",
      "title": "Economic Sanctions: An Overview",
      "url": "https://www.usitc.gov/sites/default/files/publications/332/executive_briefings/ebot_economic_sanctions_overview.pdf",
      "snippet": "Primary sanctions include international trade restrictions (e.g., trade embargoes and restrictions on particular exports to or imports from the target), ...",
      "source": "serpapi_macro",
      "timestamp": "2025-07-02T15:24:21.136031",
      "sentiment": 0.18888888888888888,
      "sentiment_score": 0.18888888888888888,
      "sentiment_category": "mini bullish",
      "sentiment_analysis_details": {
        "score": 0.18888888888888888,
        "category": "mini bullish",
        "error": null
      }
    },
    {
      "topic": "economic sanctions",
      "title": "Economic sanctions on countries are indiscriminate ...",
      "url": "https://pmc.ncbi.nlm.nih.gov/articles/PMC8679062/",
      "snippet": "Economic sanctions are usually applied by governments or the United Nations Security Council (UNSC) to individuals, companies or countries.",
      "source": "serpapi_macro",
      "timestamp": "2025-07-02T15:24:21.136119",
      "sentiment": -0.024999999999999994,
      "sentiment_score": -0.024999999999999994,
      "sentiment_category": "neutral",
      "sentiment_analysis_details": {
        "score": -0.024999999999999994,
        "category": "neutral",
        "error": null
      }
    },
    {
      "topic": "economic sanctions",
      "title": "Evidence on the Costs and Benefits of Economic Sanctions",
      "url": "https://www.piie.com/commentary/testimonies/evidence-costs-and-benefits-economic-sanctions",
      "snippet": "While the benefits of economic sanctions are elusive, the costs often are not. Trade sanctions deprive the United States of the gains from trade and frequently ...",
      "source": "serpapi_macro",
      "timestamp": "2025-07-02T15:24:21.136295",
      "sentiment": 0.15000000000000002,
      "sentiment_score": 0.15000000000000002,
      "sentiment_category": "mini bullish",
      "sentiment_analysis_details": {
        "score": 0.15000000000000002,
        "category": "mini bullish",
        "error": null
      }
    },
    {
      "topic": "economic sanctions",
      "title": "Economic Sanctions Policy and Implementation",
      "url": "https://www.state.gov/economic-sanctions-policy-and-implementation/",
      "snippet": "The Office of Economic Sanctions Policy and Implementation is responsible for developing and implementing foreign policy-related sanctions.",
      "source": "serpapi_macro",
      "timestamp": "2025-07-02T15:24:21.136395",
      "sentiment": 0.09166666666666667,
      "sentiment_score": 0.09166666666666667,
      "sentiment_category": "neutral",
      "sentiment_analysis_details": {
        "score": 0.09166666666666667,
        "category": "neutral",
        "error": null
      }
    },
    {
      "topic": "economic sanctions",
      "title": "Do Economic Sanctions Work?",
      "url": "https://online.norwich.edu/online/about/resource-library/do-economic-sanctions-work",
      "snippet": "Economic sanctions have been around for ages and have been used by major countries against different countries as a response to a policy or a course of ...",
      "source": "serpapi_macro",
      "timestamp": "2025-07-02T15:24:21.136486",
      "sentiment": 0.08750000000000001,
      "sentiment_score": 0.08750000000000001,
      "sentiment_category": "neutral",
      "sentiment_analysis_details": {
        "score": 0.08750000000000001,
        "category": "neutral",
        "error": null
      }
    }
  ],
  "total_social_posts_analyzed": 69,
  "source_breakdown": {
    "reddit_posts_fetched": 49,
    "twitter_tweets_fetched": 20,
    "cryptopanic_articles_fetched": 0
  }
}