[
  {
    "content": "Cryptocurrency News & Discussion r/CryptoCurrency: The leading community for cryptocurrency news, discussion, and analysis.",
    "source": "reddit",
    "timestamp": "2025-04-15T02:36:19.616712",
    "sentiment": "neutral"
  },
  {
    "content": "Fidelity says Bitcoin could potentially overtake gold ... tldr; Fidelity Investments' Jurrien Timmer suggests Bitcoin could potentially surpass gold in market value within 10-20 years if it follows ...",
    "source": "reddit",
    "timestamp": "2025-04-15T02:36:19.616786",
    "sentiment": "neutral"
  },
  {
    "content": "What are the computers actually doing when mining bitcoin? When mining Bitcoin, computers are solving complex cryptographic puzzles to validate transactions and secure the network. It's not useful like ...",
    "source": "reddit",
    "timestamp": "2025-04-15T02:36:19.616815",
    "sentiment": "neutral"
  },
  {
    "content": "MicroStrategy admits it might need to sell bitcoin by 2026 If cash flow or BTC value declines further, MicroStrategy may be forced to sell bitcoin to meet interest payments, dividends, or principal ...",
    "source": "reddit",
    "timestamp": "2025-04-15T02:36:19.616877",
    "sentiment": "positive"
  },
  {
    "content": "Bitcoin (BTC) Is Decoupling In Real-Time For The First ... If stocks go constantly down and BTC goes constantly up for several weeks then you might consider there is a divergence. Decoupling takes a long ...",
    "source": "reddit",
    "timestamp": "2025-04-15T02:36:19.616906",
    "sentiment": "neutral"
  },
  {
    "content": "Bitcoin will hit $13 million in 20 years, predicts Saylor at ... Sorry guys, BTC will only hit a max value of $7.34 million. The good news is, that it will reach that target in only 18.5 years!",
    "source": "reddit",
    "timestamp": "2025-04-15T02:36:19.616936",
    "sentiment": "neutral"
  },
  {
    "content": "Saylor signals new Bitcoin buy after Strategy reports nearly ... Bitcoin's price has been volatile, currently trading around $83,700 after a dip below $75,000 earlier in the week. *This summary is auto ...",
    "source": "reddit",
    "timestamp": "2025-04-15T02:36:19.616964",
    "sentiment": "neutral"
  },
  {
    "content": "How Bitcoin Started - How Bitcoin Is Going : r/CryptoCurrency BTC set out to be a p2p cash system - and by all accounts of Satoshi's original vision - it failed. It is now openly coopted by banks, large ...",
    "source": "reddit",
    "timestamp": "2025-04-15T02:36:19.617008",
    "sentiment": "neutral"
  },
  {
    "content": "If Bitcoin becomes centralized to just a few American ... The main purpose of Bitcoin was to make e2e electronic payment. This was the only mentioned purpose of BTC by Satoshi. But a lot of people seem ...",
    "source": "reddit",
    "timestamp": "2025-04-15T02:36:19.617037",
    "sentiment": "neutral"
  },
  {
    "content": "Michael Saylor's Strategy buys $285M Bitcoin amid market ... tldr; Michael Saylor's firm, Strategy, purchased 3,459 Bitcoin for $285.5 million at an average price of $82,618 per BTC, increasing its ...",
    "source": "reddit",
    "timestamp": "2025-04-15T02:36:19.617064",
    "sentiment": "neutral"
  },
  {
    "content": "Was that the Last chance to buy Bitcoin under $100k? Bitcoin has been over 100k for a few weeks. It's at 105k right now. The odds are heavily against the title. In every bear market cycle ...",
    "source": "reddit",
    "timestamp": "2025-04-15T02:36:19.617091",
    "sentiment": "neutral"
  },
  {
    "content": "McDonald's Dismisses Groundbreaking Bitcoin Proposal at ... The proposal argued that adopting Bitcoin could position McDonald's as innovative and provide financial benefits. However, McDonald's cited ...",
    "source": "reddit",
    "timestamp": "2025-04-15T02:36:19.617117",
    "sentiment": "positive"
  },
  {
    "content": "Me In 2009 Instead of Buying Bitcoin (BTC) In 2009 or even up until 2011, trying to use a bank with an exchange was basically impossible. You had to get creative to make a payment jumping ...",
    "source": "reddit",
    "timestamp": "2025-04-15T02:36:19.617144",
    "sentiment": "neutral"
  },
  {
    "content": "So, can someone explain to me how massive corporations ... Bitcoin was designed to be a trustless peer-to-peer currency open to anyone. Not an investment vehicle or product for multi-billion-dollar companies.",
    "source": "reddit",
    "timestamp": "2025-04-15T02:36:19.617170",
    "sentiment": "neutral"
  },
  {
    "content": "Bitcoin will replace gold as the 'premier store of value' ... Bitcoin will take the place of gold in the world economy in the next decade, Bernstein said. \"We expect Bitcoin to emerge as the new-age ...",
    "source": "reddit",
    "timestamp": "2025-04-15T02:36:19.617196",
    "sentiment": "neutral"
  },
  {
    "content": "Microsoft shareholders reject proposal to add Bitcoin ... Microsoft shareholders rejected a proposal to add Bitcoin to its balance sheet due to concerns about Bitcoin's volatility.",
    "source": "reddit",
    "timestamp": "2025-04-15T02:36:19.617223",
    "sentiment": "negative"
  },
  {
    "content": "Strategy Could Hold Up To 1 Million Bitcoin By 2033: ... This growth depends on favorable market conditions and Bitcoin prices reaching $1 million by 2033. Conversely, in a prolonged bear market, the ...",
    "source": "reddit",
    "timestamp": "2025-04-15T02:36:19.617248",
    "sentiment": "neutral"
  },
  {
    "content": "Bitcoin price: $55k. Winning \ud83e\udde1 : r/CryptoCurrency Bitcoin Flash Crashed to $8.9K on BitMEX. Theres barely any dollars to support the price. Its crypto backed by crypto collateral. A few sales ...",
    "source": "reddit",
    "timestamp": "2025-04-15T02:36:19.617279",
    "sentiment": "positive"
  },
  {
    "content": "Bitcoin drops 8%, US markets shed $2T in value Bitcoin drops 8%, US markets shed $2T in value \u2014 Should traders expect an oversold bounce? UNRELIABLE SOURCE.",
    "source": "reddit",
    "timestamp": "2025-04-15T02:36:19.617307",
    "sentiment": "neutral"
  },
  {
    "content": "Amazon should buy Bitcoin, shareholders say The proposal suggests Amazon consider holding at least 5% of its assets in Bitcoin, highlighting examples of other companies like Tesla and ...",
    "source": "reddit",
    "timestamp": "2025-04-15T02:36:19.617333",
    "sentiment": "positive"
  },
  {
    "content": "Bitcoin is Still Misunderstood : r/CryptoCurrency Bitcoin isn't anonymous. It's pseudonymous. Every transaction is permanently recorded on a public ledger. That means with enough tools and time ...",
    "source": "reddit",
    "timestamp": "2025-04-15T02:36:19.617359",
    "sentiment": "neutral"
  },
  {
    "content": "Bitcoin price: $30000. Winning \u2728 : r/CryptoCurrency A house will always be a better investment than bitcoin. You need a house to feel safe and live. You dont need bitcoin.",
    "source": "reddit",
    "timestamp": "2025-04-15T02:36:19.617386",
    "sentiment": "positive"
  },
  {
    "content": "Should I get in Bitcoin now? : r/CryptoCurrency There's no guarantee of a positive return. Some of us have watched btc drop over 65% before, lol, and it took years to come back. I would say, ...",
    "source": "reddit",
    "timestamp": "2025-04-15T02:36:19.617412",
    "sentiment": "positive"
  },
  {
    "content": "Companies Building on the Bitcoin Lightning Network I recognize Bitbuy and Flexa, a few of the Exchanges like HTX, Kraken, Binance and Coinbase. Everything else I have never heard about.",
    "source": "reddit",
    "timestamp": "2025-04-15T02:36:19.617436",
    "sentiment": "positive"
  },
  {
    "content": "r/CryptoCurrency - \"Bitcoin is going to zero soon\" I hope it goes to zero I could pick up all of it before it goes back above 100k and become the worlds first trillionaire. Upvote 3. Downvote",
    "source": "reddit",
    "timestamp": "2025-04-15T02:36:19.617462",
    "sentiment": "neutral"
  },
  {
    "content": "Coinbase CEO on Bitcoin and crypto, exactly 10 years ago The incentive mechanism of Bitcoin is slowly eroding over time and will eventually collapse in on itself and the chain will grind to a complete ...",
    "source": "reddit",
    "timestamp": "2025-04-15T02:36:19.617488",
    "sentiment": "neutral"
  },
  {
    "content": "Your goal when trading should be to outperform Bitcoin ... The vast majority of crypto traders and holders underperform just straight hodling bitcoin. All crypto's bleed against bitcoin in the long term, ...",
    "source": "reddit",
    "timestamp": "2025-04-15T02:36:19.617514",
    "sentiment": "neutral"
  },
  {
    "content": "Nearly 25% of all Bitcoin is now underwater Anyone who bought Bitcoin before last November (that's less than a year), is still very much in the green.",
    "source": "reddit",
    "timestamp": "2025-04-15T02:36:19.617540",
    "sentiment": "neutral"
  },
  {
    "content": "The Quantum Threat to bitcoin is already being dealt with. ... It will be at least 10 years before quantum computing can break RSA, going to need about 4 million physical qubits. Plenty of time to worry ...",
    "source": "reddit",
    "timestamp": "2025-04-15T02:36:19.617566",
    "sentiment": "negative"
  },
  {
    "content": "Has Bitcoin stayed true to its original whitepaper? Personally I would say Bitcoin has completely abandoned the notion of a decentralized borderless digital cash in favor of a number-go-up store of value ...",
    "source": "reddit",
    "timestamp": "2025-04-15T02:36:19.617592",
    "sentiment": "positive"
  },
  {
    "content": "Bitcoin - X Bitcoin is an open source censorship-resistant peer-to-peer immutable network. Trackable digital gold. Don't trust; verify. Not your keys; not your coins.",
    "sentiment": "neutral",
    "source": "twitter"
  },
  {
    "content": "CoinDesk - X BTC News: Bitcoin Price Hovers at $85K as Fed's Waller Suggests 'Bad News' Rate ... crypto, blockchain, and Web3 world. Get ready for tons of insights ...",
    "sentiment": "negative",
    "source": "twitter"
  },
  {
    "content": "Bitcoin Magazine (@BitcoinMagazine) / X NEW: #Bitcoin has significantly outperformed the S&P 500 over the past 14 years.",
    "sentiment": "neutral",
    "source": "twitter"
  },
  {
    "content": "Crypto.com (@cryptocom) / X The best place to buy, sell, and pay with crypto. #BTC #CRO #DeFi #FFTB crypto.com Joined May 2017 495 Following 3M Followers",
    "sentiment": "positive",
    "source": "twitter"
  },
  {
    "content": "Bloomberg Crypto - X How crypto and blockchain are reshaping our world : https ... American Bitcoin, the crypto mining venture announced this week between Hut ...",
    "sentiment": "neutral",
    "source": "twitter"
  },
  {
    "content": "Cointelegraph - X BULLISH: Bitcoin has outperformed the S&P every single year for the last 14 years.",
    "sentiment": "neutral",
    "source": "twitter"
  },
  {
    "content": "Bitcoin.com News (@BTCTN) / X Get Bitcoin, crypto, and economics news in 20+ languages. Follow @bitcoincom for updates, join us on TG: https://t.co/2pY59RGHhk. Ads: ads@bitcoin.com.",
    "sentiment": "neutral",
    "source": "twitter"
  },
  {
    "content": "Latest Crypto & Bitcoin News (@CryptoBreakNews) / X Get real-time cryptocurrency news, blockchain updates, market analysis, and expert insights. Explore the latest trends in Bitcoin, Ethereum, DeFi, and Web3.",
    "sentiment": "neutral",
    "source": "twitter"
  },
  {
    "content": "Coinbase - X Faced with with an unexpected tax bill? No problem. Borrow USDC against your Bitcoin and convert it to USD instantly to pay off your bill.",
    "sentiment": "neutral",
    "source": "twitter"
  },
  {
    "content": "Bitcoin News (@BitcoinNewsCom) / X Daily News on #Bitcoin and the #LightningNetwork \u2022 Read Our Latest Article https://t.co/6qXRYNQE3B.",
    "sentiment": "neutral",
    "source": "twitter"
  },
  {
    "content": "PlanB (@100trillionUSD) / X Combining all my tweets about modeling bitcoin's value with stock-to-flow, the halving, power laws, fractals and questions & answers to one logical story.",
    "sentiment": "positive",
    "source": "twitter"
  },
  {
    "content": "Bitcoin Archive (@BTC_Archive) / X Bitcoin News, Insight, and Commentary. Follow me: @ArchieX__ Bitcoin.Archive.Channel@gmail newsletter.bitcoinarchive.co/subscribe Joined March 2018.",
    "sentiment": "neutral",
    "source": "twitter"
  },
  {
    "content": "Michael Saylor - X Bitcoin is a swarm of cyber hornets serving the goddess of wisdom, feeding on the fire of truth, exponentially growing ever smarter, faster, and stronger.",
    "sentiment": "neutral",
    "source": "twitter"
  },
  {
    "content": "Bitcoin.com (@BitcoinCom) / X Empowering 60M+ wallets with btc & crypto. Buy, sell, swap, earn, & more. Trade/earn our official token @VerseEcosystem | UK users: @BitcoinCom_UK.",
    "sentiment": "neutral",
    "source": "twitter"
  },
  {
    "content": "CryptoCurrency News (@CryptoBoomNews) / X The original source of the latest news, insight, and commentary about #CryptoCurrency. #Bitcoin #NFTs #Defi (Not Investment Advice) Free Weekly Newsletter.",
    "sentiment": "positive",
    "source": "twitter"
  },
  {
    "content": "$130 billion wiped off crypto markets as bitcoin, ether drop ... - X Bitcoin and ether are off more than 50% from their all-time highs and trading at their lowest levels since July.",
    "sentiment": "positive",
    "source": "twitter"
  },
  {
    "content": "Crypto Rover (@rovercrc) / X Bitcoin Crypto YouTuber (180K SUBS) | TG: cryptoroveryt | Cryptocurrency investments are high risk, volatile, and can be dangerous. All tweets are NFA.",
    "sentiment": "negative",
    "source": "twitter"
  },
  {
    "content": "Altcoin Daily (@AltcoinDailyio) / X Follow our YouTube channel for DAILY news & opinion videos! Brothers Aaron & Austin. Crypto commentators. Bitcoin, Ethereum, Solana, & altcoins!",
    "sentiment": "neutral",
    "source": "twitter"
  },
  {
    "content": "Michael Saylor on X: \"Bitcoin is the foundation of the crypto ... Bitcoin is the foundation of the crypto economy.",
    "sentiment": "neutral",
    "source": "twitter"
  },
  {
    "content": "The Bitcoin Conference (@TheBitcoinConf) / X World's largest #Bitcoin conference! Las Vegas May 27-29 Hong Kong @BitcoinConfAsia August 28-29 MENA @bitcoinmenaconf December 8-9.",
    "sentiment": "neutral",
    "source": "twitter"
  },
  {
    "content": "David Bailey $1.0mm/btc is the floor (@DavidFBailey) / X Huge line still trying to get in. Japan is ready for Bitcoin. Might be worth getting some just in case it catches on.",
    "sentiment": "positive",
    "source": "twitter"
  },
  {
    "content": "Bitcoin.com News on X: \" Brazil's crypto journey continues to ... Brazil's crypto journey continues to be a mixed bag! While regulators seem hesitant, a recent ruling by the National High Court has brought ...",
    "sentiment": "neutral",
    "source": "twitter"
  },
  {
    "content": "Martin Lewis on X: \"I've had a few people asking why I don't ... I've had a few people asking why I don't discuss Bitcoin here or on my shows. Two simple reasons. 1. It isn't my expertise.",
    "sentiment": "neutral",
    "source": "twitter"
  },
  {
    "content": "Anthony Pompliano (@APompliano) / X Wall Street is going all-in on bitcoin, stablecoins, and tokenized securities. Most of the largest financial organizations have teams working on digitizing ...",
    "sentiment": "positive",
    "source": "twitter"
  },
  {
    "content": "Micha\u00ebl van de Poppe (@CryptoMichNL) / X Macro-Economics, Value Based Investing & Trading || Crypto & Bitcoin Enthusiast. Amsterdam, The Netherlands youtube.com/@cryptomichnl Joined May 2010. 1,373 ...",
    "sentiment": "neutral",
    "source": "twitter"
  },
  {
    "content": "il Capo Of Crypto (@CryptoCapo_) / X Crypto analyst, Swing Trader and Long-term Investor since Feb 2017 | Not financial advice | I will never DM you first. Free TG: http://t.me/CryptoCapoTG",
    "sentiment": "positive",
    "source": "twitter"
  },
  {
    "content": "Bitcoin Depot\u26a1\ufe0f (@Bitcoin_Depot) / X We are the largest Bitcoin ATM Network with over 8300+ BTMs across the U.S., Canada, & Puerto Rico support@bitcoindepot.com (678) 435-9604 NASDAQ Ticker: ...",
    "sentiment": "neutral",
    "source": "twitter"
  },
  {
    "content": "Crypto Michael (@MichaelXBT) / X Crypto Trader since 2018 & Bitcoin Investor since 2014 | 'The Swing King' | Market Psychology & Chart Expert. Dubai, United Arab Emirates.",
    "sentiment": "neutral",
    "source": "twitter"
  },
  {
    "content": "Brian Armstrong on X: \"Excited to learn more. Still forming an ... President Trump has announced a Crypto Strategic Reserve consisting of Bitcoin and other top cryptocurrencies. This is consistent with his ...",
    "sentiment": "positive",
    "source": "twitter"
  },
  {
    "content": "Bitcoin Magazine on X: \"JUST IN: \ud83c\uddfa\ud83c\uddf8 President Trump ... JUST IN: President Trump announces he's creating a Crypto Strategic Reserve, with no mention of Bitcoin.",
    "sentiment": "neutral",
    "source": "twitter"
  },
  {
    "title": "Bitcoin, Ethereum Steady, Dogecoin Falls Even As Trump's Tariff Reprieve Boosts Stocks: Analyst Says $82,024 BTC Level 'Worth Watching Closely'",
    "url": "https://cryptopanic.com/news/21081066/Bitcoin-Ethereum-Steady-Dogecoin-Falls-Even-As-Trumps-Tariff-Reprieve-Boosts-Stocks-Analyst-Says-82024-BTC-Level-Worth-Watching-Closely?mtm_campaign=API-OFA",
    "published_at": "2025-04-15T02:04:25Z",
    "source": "coinmarketcap",
    "summary": "Bitcoin-Ethereum-Steady-Dogecoin-Falls-Even-As-Trumps-Tariff-Reprieve-Boosts-Stocks-Analyst-Says-82024-BTC-Level-Worth-Watching-Closely",
    "sentiment": "neutral"
  },
  {
    "title": "Bitcoin Weekly RSI Breakout Signals Trend Shift \u2013 Is $100,000 Next For BTC?",
    "url": "https://cryptopanic.com/news/21080746/Bitcoin-Weekly-RSI-Breakout-Signals-Trend-Shift-Is-100000-Next-For-BTC?mtm_campaign=API-OFA",
    "published_at": "2025-04-15T02:00:36Z",
    "source": "coinmarketcap",
    "summary": "Bitcoin-Weekly-RSI-Breakout-Signals-Trend-Shift-Is-100000-Next-For-BTC",
    "sentiment": "neutral"
  },
  {
    "title": "Tether partners with OCEAN mining pool to decentralize Bitcoin block-building",
    "url": "https://cryptopanic.com/news/21080127/Tether-partners-with-OCEAN-mining-pool-to-decentralize-Bitcoin-block-building?mtm_campaign=API-OFA",
    "published_at": "2025-04-15T00:58:22Z",
    "source": "coinmarketcap",
    "summary": "Tether-partners-with-OCEAN-mining-pool-to-decentralize-Bitcoin-block-building",
    "sentiment": "neutral"
  },
  {
    "title": "SEC Postpones Decision on Bitcoin, Ethereum ETFs to 2025",
    "url": "https://cryptopanic.com/news/21079940/SEC-Postpones-Decision-on-Bitcoin-Ethereum-ETFs-to-2025?mtm_campaign=API-OFA",
    "published_at": "2025-04-15T00:41:35Z",
    "source": "coinmarketcap",
    "summary": "SEC-Postpones-Decision-on-Bitcoin-Ethereum-ETFs-to-2025",
    "sentiment": "neutral"
  }
]