{
  "timestamp": "2025-05-03T11:56:34.674381",
  "symbol": "solana",
  "average_sentiment_score": 0.0,
  "fear_greed_index": [
    {
      "value": 65,
      "classification": "Greed",
      "timestamp_unix": 1746230400,
      "datetime": "2025-05-03T00:00:00"
    }
  ],
  "dxy_strength_score": null,
  "macro_news_sentiment": [
    {
      "title": "UK statement on attacks against the Druze community in Syria",
      "url": "https://www.gov.uk/government/announcements",
      "country": "UK",
      "source": "government",
      "scraped_at": "2025-05-03T11:55:55.486515",
      "sentiment": "neutral"
    },
    {
      "title": "Cyber attacks are \"wake up call\" for businesses - Pat McFadden",
      "url": "https://www.gov.uk/government/announcements",
      "country": "UK",
      "source": "government",
      "scraped_at": "2025-05-03T11:55:55.486649",
      "sentiment": "neutral"
    },
    {
      "title": "Bird flu (avian influenza): latest situation in England",
      "url": "https://www.gov.uk/government/announcements",
      "country": "UK",
      "source": "government",
      "scraped_at": "2025-05-03T11:55:55.486735",
      "sentiment": "negative"
    },
    {
      "title": "New guide helps UK ports share data to support safer navigation",
      "url": "https://www.gov.uk/government/announcements",
      "country": "UK",
      "source": "government",
      "scraped_at": "2025-05-03T11:55:55.486817",
      "sentiment": "positive"
    },
    {
      "title": "Home Secretary letter on the Neighbourhood Policing Guarantee",
      "url": "https://www.gov.uk/government/announcements",
      "country": "UK",
      "source": "government",
      "scraped_at": "2025-05-03T11:55:55.486899",
      "sentiment": "neutral"
    },
    {
      "title": "Molly Bartlet \u2013 UKRI Internship",
      "url": "https://www.gov.uk/government/announcements",
      "country": "UK",
      "source": "government",
      "scraped_at": "2025-05-03T11:55:55.486981",
      "sentiment": "neutral"
    },
    {
      "title": "Creative industries and growth boosted with new UK-India cultural agreement",
      "url": "https://www.gov.uk/government/announcements",
      "country": "UK",
      "source": "government",
      "scraped_at": "2025-05-03T11:55:55.487062",
      "sentiment": "positive"
    },
    {
      "title": "Three Trustees appointed to the Imperial War Museum",
      "url": "https://www.gov.uk/government/announcements",
      "country": "UK",
      "source": "government",
      "scraped_at": "2025-05-03T11:55:55.487143",
      "sentiment": "neutral"
    },
    {
      "title": "Dame Angela McLean's speech at the Royal Institution",
      "url": "https://www.gov.uk/government/announcements",
      "country": "UK",
      "source": "government",
      "scraped_at": "2025-05-03T11:55:55.487224",
      "sentiment": "neutral"
    },
    {
      "title": "Business review on US tariffs has concluded",
      "url": "https://www.gov.uk/government/announcements",
      "country": "UK",
      "source": "government",
      "scraped_at": "2025-05-03T11:55:55.487306",
      "sentiment": "neutral"
    },
    {
      "topic": "global economy",
      "title": "Global economy, world economy | TheGlobalEconomy.com",
      "url": "https://www.theglobaleconomy.com/",
      "snippet": "Information on the global economy with data on over 400 indicators, updated regularly, for over 200 countries as well as interactive tools, articles, ...",
      "source": "serpapi",
      "timestamp": "2025-05-03T11:55:57.702361",
      "sentiment": "neutral"
    },
    {
      "topic": "global economy",
      "title": "The Global Economy Enters a New Era",
      "url": "https://www.imf.org/en/Blogs/Articles/2025/04/22/the-global-economy-enters-a-new-era",
      "snippet": "The Global Economy Enters a New Era ... Risks to the global economy have increased, and worsening trade tensions could further depress growth.",
      "source": "serpapi",
      "timestamp": "2025-05-03T11:55:57.702502",
      "sentiment": "neutral"
    },
    {
      "topic": "global economy",
      "title": "World economy",
      "url": "https://en.wikipedia.org/wiki/World_economy",
      "snippet": "The world economy or global economy is the economy of all humans in the world, referring to the global economic system.",
      "source": "serpapi",
      "timestamp": "2025-05-03T11:55:57.702585",
      "sentiment": "neutral"
    },
    {
      "topic": "global economy",
      "title": "Global Economy",
      "url": "https://www.ft.com/global-economy",
      "snippet": "News and top stories on the state of the global economy. The latest economic data, reports and updates from countries around the world, on jobs, trade, ...",
      "source": "serpapi",
      "timestamp": "2025-05-03T11:55:57.702662",
      "sentiment": "positive"
    },
    {
      "topic": "global economy",
      "title": "Global Economic Prospects",
      "url": "https://www.worldbank.org/en/publication/global-economic-prospects",
      "snippet": "Global growth is expected to hold steady at 2.7 percent in 2025-26. However, the global economy appears to be settling at a low growth rate.",
      "source": "serpapi",
      "timestamp": "2025-05-03T11:55:57.702741",
      "sentiment": "neutral"
    },
    {
      "topic": "global economy",
      "title": "World Economic Outlook - All Issues",
      "url": "https://www.imf.org/en/Publications/WEO",
      "snippet": "Description: The January 2023 World Economic Outlook Update projects that global growth will fall to 2.9 percent in 2023 but rise to 3.1 percent in 2024. The ...",
      "source": "serpapi",
      "timestamp": "2025-05-03T11:55:57.702819",
      "sentiment": "neutral"
    },
    {
      "topic": "global economy",
      "title": "How does the global economy work?",
      "url": "https://www.edology.com/blog/accounting-finance/how-does-global-economy-work/",
      "snippet": "The global economy refers to the interconnected worldwide economic activities that take place between multiple countries. These economic activities can have ...",
      "source": "serpapi",
      "timestamp": "2025-05-03T11:55:57.702895",
      "sentiment": "neutral"
    },
    {
      "topic": "global economy",
      "title": "Global Weekly Economic Update | Deloitte Insights",
      "url": "https://www2.deloitte.com/us/en/insights/economy/global-economic-outlook/weekly-update.html",
      "snippet": "The IMF downgrades its forecast for the global economy. According to the International Monetary Fund's recently released \u201cWorld Economic Outlook\u201d for April 2025 ...",
      "source": "serpapi",
      "timestamp": "2025-05-03T11:55:57.702972",
      "sentiment": "neutral"
    },
    {
      "topic": "geopolitical tensions",
      "title": "Top Geopolitical Risks of 2025",
      "url": "https://www.spglobal.com/en/research-insights/market-insights/geopolitical-risk",
      "snippet": "The world is changing. Geopolitical fragmentation is being fueled by COVID-19, the war in Ukraine, U.S.-China relations and more.",
      "source": "serpapi",
      "timestamp": "2025-05-03T11:56:00.591635",
      "sentiment": "negative"
    },
    {
      "topic": "geopolitical tensions",
      "title": "How are geopolitical risks affecting the world economy?",
      "url": "https://www.economicsobservatory.com/how-are-geopolitical-risks-affecting-the-world-economy",
      "snippet": "Geopolitical risks posed by elections, polarisation and conflicts within and between states have inevitable knock-on effects on the economy, both globally and ...",
      "source": "serpapi",
      "timestamp": "2025-05-03T11:56:00.591770",
      "sentiment": "neutral"
    },
    {
      "topic": "geopolitical tensions",
      "title": "How Geopolitical Risks Influence the Global Community",
      "url": "https://geopoliticalfutures.com/risk/",
      "snippet": "Geopolitical risks are defined as the potential political, economic, military, and social risks that can emerge from a nation's involvement in international ...",
      "source": "serpapi",
      "timestamp": "2025-05-03T11:56:00.591852",
      "sentiment": "neutral"
    },
    {
      "topic": "geopolitical tensions",
      "title": "Geopolitical tensions - (AP World History",
      "url": "https://library.fiveable.me/key-terms/ap-world/geopolitical-tensions",
      "snippet": "Geopolitical tensions refer to conflicts and rivalries between nations or regions that arise from their geographical, political, and economic interests.",
      "source": "serpapi",
      "timestamp": "2025-05-03T11:56:00.591936",
      "sentiment": "neutral"
    },
    {
      "topic": "geopolitical tensions",
      "title": "Geopolitical Risk Dashboard | BlackRock Investment Institute",
      "url": "https://www.blackrock.com/corporate/insights/blackrock-investment-institute/interactive-charts/geopolitical-risk-dashboard",
      "snippet": "The global BlackRock Geopolitical Risk Indicator (BGRI) aims to capture overall market attention to geopolitical risks, as the line chart shows.",
      "source": "serpapi",
      "timestamp": "2025-05-03T11:56:00.592016",
      "sentiment": "neutral"
    },
    {
      "topic": "geopolitical tensions",
      "title": "Beyond borders: Assessing the influence of Geopolitical ...",
      "url": "https://www.sciencedirect.com/science/article/pii/S0176268024000521",
      "snippet": "We find that geopolitical tensions and global uncertainty in border countries contribute to the rise of European country's sovereign risk.",
      "source": "serpapi",
      "timestamp": "2025-05-03T11:56:00.592230",
      "sentiment": "neutral"
    },
    {
      "topic": "geopolitical tensions",
      "title": "Top geopolitical risks 2025",
      "url": "https://kpmg.com/xx/en/our-insights/risk-and-regulation/top-risks-forecast-2025.html",
      "snippet": "Geopolitical rivalries, trade protectionism, conflict, competition for resources, cyberattacks and climate events place severe strains on ...",
      "source": "serpapi",
      "timestamp": "2025-05-03T11:56:00.592345",
      "sentiment": "neutral"
    },
    {
      "topic": "geopolitical tensions",
      "title": "Geopolitical Monitor",
      "url": "https://www.geopoliticalmonitor.com/",
      "snippet": "This week we cover escalating geopolitical tensions between India and Pakistan; EU attempts to hedge economic bets with China amid the ongoing trade war; and ...",
      "source": "serpapi",
      "timestamp": "2025-05-03T11:56:00.592429",
      "sentiment": "negative"
    },
    {
      "topic": "geopolitical tensions",
      "title": "Geopolitical conflict and its impact on global markets",
      "url": "https://www.usbank.com/investing/financial-perspectives/market-news/russia-ukraine-global-market.html",
      "snippet": "Increasing global tensions tied to trade tensions and ongoing geopolitical conflicts contributed to investor uncertainty about near-term ...",
      "source": "serpapi",
      "timestamp": "2025-05-03T11:56:00.592510",
      "sentiment": "neutral"
    },
    {
      "topic": "crypto adoption",
      "title": "2024 Global Crypto Adoption Index",
      "url": "https://www.chainalysis.com/blog/2024-global-crypto-adoption-index/",
      "snippet": "In each year's report, we look at both on- and off-chain data to determine which countries are leading the world in grassroots crypto adoption.",
      "source": "serpapi",
      "timestamp": "2025-05-03T11:56:03.262706",
      "sentiment": "neutral"
    },
    {
      "topic": "crypto adoption",
      "title": "What Everyone Gets Wrong About Crypto Adoption",
      "url": "https://www.forbes.com/sites/digital-assets/2025/05/01/what-everyone-gets-wrong-about-crypto-adoption/",
      "snippet": "Crypto isn't above the fundamental laws of economics. Like any startup, crypto projects need to target genuine utility first, then use tokens ...",
      "source": "serpapi",
      "timestamp": "2025-05-03T11:56:03.262846",
      "sentiment": "positive"
    },
    {
      "topic": "crypto adoption",
      "title": "2025 Cryptocurrency Adoption and Consumer Sentiment ...",
      "url": "https://www.security.org/digital-security/cryptocurrency-annual-consumer-report/",
      "snippet": "We conducted our annual cryptocurrency study to see what Americans think about cryptocurrency adoption, regulation, and security at the start of 2025.",
      "source": "serpapi",
      "timestamp": "2025-05-03T11:56:03.262932",
      "sentiment": "neutral"
    },
    {
      "topic": "crypto adoption",
      "title": "The 2023 Global Crypto Adoption Index",
      "url": "https://www.chainalysis.com/blog/2023-global-crypto-adoption-index/",
      "snippet": "The goal of the index is simple: We combine on-chain data and real-world data to measure which countries are leading the world in grassroots crypto adoption.",
      "source": "serpapi",
      "timestamp": "2025-05-03T11:56:03.263020",
      "sentiment": "neutral"
    },
    {
      "topic": "crypto adoption",
      "title": "2024 Crypto Adoption and Illicit Exposure Report",
      "url": "https://www.trmlabs.com/resources/reports/2024-crypto-adoption-and-illicit-activity-report",
      "snippet": "The 2024 Crypto Adoption and Illicit Exposure Report report examines the shifts and trends shaping cryptocurrency adoption around the world.",
      "source": "serpapi",
      "timestamp": "2025-05-03T11:56:03.263100",
      "sentiment": "neutral"
    },
    {
      "topic": "crypto adoption",
      "title": "Crypto Adoption Index | Crypto Wealth Report",
      "url": "https://www.henleyglobal.com/publications/crypto-wealth-report/crypto-adoption-index",
      "snippet": "The Crypto Adoption Index assesses investment migration options for crypto investors who want to craft a portfolio of alternative residence permits and ...",
      "source": "serpapi",
      "timestamp": "2025-05-03T11:56:03.263180",
      "sentiment": "neutral"
    },
    {
      "topic": "crypto adoption",
      "title": "Digital currency payments and merchant adoption survey",
      "url": "https://www2.deloitte.com/us/en/pages/consulting/articles/digital-currency-payments-merchant-adoption-survey.html",
      "snippet": "Explore digital currency payments with retailers in this digital currency merchant adoption survey to discover why more businesses accept cryptocurrency.",
      "source": "serpapi",
      "timestamp": "2025-05-03T11:56:03.263259",
      "sentiment": "positive"
    },
    {
      "topic": "crypto adoption",
      "title": "2024 Trends: Crypto Adoption and Illicit Exposure by Country",
      "url": "https://www.trmlabs.com/resources/blog/2024-trends-crypto-adoption-and-illicit-activity-by-country",
      "snippet": "India, Indonesia, Nigeria, the United States, and Vietnam led in crypto adoption in 2024. Kenya saw the largest increase in crypto adoption, ...",
      "source": "serpapi",
      "timestamp": "2025-05-03T11:56:03.263338",
      "sentiment": "neutral"
    },
    {
      "topic": "crypto ban",
      "title": "UK preparing to ban consumers from buying crypto with ...",
      "url": "https://www.theguardian.com/technology/2025/may/02/uk-preparing-to-ban-consumers-from-buying-crypto-with-borrowed-funds-fca",
      "snippet": "The UK financial regulator is preparing to ban retail investors from using borrowed funds such as credit card balances to invest in ...",
      "source": "serpapi",
      "timestamp": "2025-05-03T11:56:06.624434",
      "sentiment": "neutral"
    },
    {
      "topic": "crypto ban",
      "title": "Legality of cryptocurrency by country or territory",
      "url": "https://en.wikipedia.org/wiki/Legality_of_cryptocurrency_by_country_or_territory",
      "snippet": "Afghanistan. Illegal. In August 2022 Taliban banned trading in cryptocurrencies. \u00b7 Kyrgyzstan. Legal. Bitcoin is considered a commodity, not a security or ...",
      "source": "serpapi",
      "timestamp": "2025-05-03T11:56:06.624577",
      "sentiment": "negative"
    },
    {
      "topic": "crypto ban",
      "title": "European Union to ban anonymous crypto and privacy ...",
      "url": "https://www.reddit.com/r/CryptoCurrency/comments/1kcyze5/european_union_to_ban_anonymous_crypto_and/",
      "snippet": "Europe will ban anonymous crypto accounts and privacy coins starting in 2027 under sweeping new AML regulations targeting service providers ...",
      "source": "serpapi",
      "timestamp": "2025-05-03T11:56:06.624658",
      "sentiment": "neutral"
    },
    {
      "topic": "crypto ban",
      "title": "Crypto Tracing, China's Crypto Ban, and Potential Global ...",
      "url": "https://www.thinkbrg.com/thinkset/ts-crypto-tracing-china-crypto-ban-global-regulation/",
      "snippet": "China has taken a particularly tough stance, banning cryptocurrency exchanges and ICOs in 2017. However, some reports suggest that the country is now exploring ...",
      "source": "serpapi",
      "timestamp": "2025-05-03T11:56:06.624737",
      "sentiment": "negative"
    },
    {
      "topic": "crypto ban",
      "title": "Banano price today, BAN to USD live ...",
      "url": "https://coinmarketcap.com/currencies/banano/",
      "snippet": "The live Banano price today is $0.001771 USD with a 24-hour trading volume of $6779.94 USD. We update our BAN to USD price in real-time.",
      "source": "serpapi",
      "timestamp": "2025-05-03T11:56:06.624815",
      "sentiment": "negative"
    },
    {
      "topic": "crypto ban",
      "title": "Crypto Ban",
      "url": "https://www.coindesk.com/tag/crypto-ban",
      "snippet": "Russia's central bank said in a report released Thursday the country must make crypto trading, mining, and usage illegal. CoinDesk reporter Anna Baydakova ...",
      "source": "serpapi",
      "timestamp": "2025-05-03T11:56:06.624892",
      "sentiment": "negative"
    },
    {
      "topic": "crypto ban",
      "title": "Britain to ban consumers borrowing to buy cryptocurrencies",
      "url": "https://www.ft.com/content/b15fb494-83f5-44fd-b9e7-a40ef5226451",
      "snippet": "The UK financial watchdog plans to ban retail investors borrowing money to invest in cryptocurrencies like bitcoin as it seeks to bring much ...",
      "source": "serpapi",
      "timestamp": "2025-05-03T11:56:06.624969",
      "sentiment": "neutral"
    },
    {
      "topic": "crypto regulation",
      "title": "Cryptocurrency Regulation: A Guide to U.S. & Global Policies",
      "url": "https://www.britannica.com/money/cryptocurrency-regulation",
      "snippet": "Regulations for crypto are the legal and procedural frameworks that governments enact to shape many different aspects of digital assets.",
      "source": "serpapi",
      "timestamp": "2025-05-03T11:56:13.623587",
      "sentiment": "positive"
    },
    {
      "topic": "crypto regulation",
      "title": "Crypto Task Force",
      "url": "https://www.sec.gov/about/crypto-task-force",
      "snippet": "The Crypto Task Force seeks to provide clarity on the application of the federal securities laws to the crypto asset market and to recommend practical policy ...",
      "source": "serpapi",
      "timestamp": "2025-05-03T11:56:13.623761",
      "sentiment": "neutral"
    },
    {
      "topic": "crypto regulation",
      "title": "Regulating crypto: Why, how, and who | ...",
      "url": "https://www.brookings.edu/collection/regulating-crypto-why-how-and-who/",
      "snippet": "Paridon argued that digital currency players should be subject to bank-like regulation. Smith said the industry favors \u201cappropriate regulation,\u201d but argued ...",
      "source": "serpapi",
      "timestamp": "2025-05-03T11:56:13.623857",
      "sentiment": "negative"
    },
    {
      "topic": "crypto regulation",
      "title": "Recent Developments Raise Significant Questions about ...",
      "url": "https://www.moneylaunderingnews.com/2025/03/recent-developments-raise-significant-questions-about-the-future-of-regulation-and-enforcement-of-cryptocurrency/",
      "snippet": "Clearing Agencies and Transfer Agents: The Task Force hopes to improve the intersection of crypto, clearing agency and transfer rules.",
      "source": "serpapi",
      "timestamp": "2025-05-03T11:56:13.623945",
      "sentiment": "neutral"
    },
    {
      "topic": "crypto regulation",
      "title": "How are Cryptocurrencies Regulated in the U.S. and the EU?",
      "url": "https://www.dowjones.com/professional/risk/glossary/cryptocurrency/us-eu-regulation/",
      "snippet": "Many countries are starting to collect taxes on capital gains and crack down on financial crimes in the cryptocurrency space.",
      "source": "serpapi",
      "timestamp": "2025-05-03T11:56:13.624028",
      "sentiment": "neutral"
    },
    {
      "topic": "SEC ruling crypto",
      "title": "Crypto Task Force",
      "url": "https://www.sec.gov/about/crypto-task-force",
      "snippet": "The Crypto Task Force seeks to provide clarity on the application of the federal securities laws to the crypto asset market and to recommend practical policy ...",
      "source": "serpapi",
      "timestamp": "2025-05-03T11:56:15.753722",
      "sentiment": "neutral"
    },
    {
      "topic": "SEC ruling crypto",
      "title": "Crypto Assets",
      "url": "https://www.sec.gov/securities-topics/crypto-assets",
      "snippet": "The Securities and Exchange Commission today announced fraud charges against three companies purporting to be market makers and nine individuals for engaging in ...",
      "source": "serpapi",
      "timestamp": "2025-05-03T11:56:15.753871",
      "sentiment": "negative"
    },
    {
      "topic": "SEC ruling crypto",
      "title": "Offerings and Registrations of Securities in the Crypto ...",
      "url": "https://www.sec.gov/newsroom/speeches-statements/cf-crypto-securities-041025",
      "snippet": "SEC rules require an issuer to provide a materially complete description of its securities.[15] The specific disclosure depends on the ...",
      "source": "serpapi",
      "timestamp": "2025-05-03T11:56:15.753955",
      "sentiment": "neutral"
    },
    {
      "topic": "SEC ruling crypto",
      "title": "SEC Withdraws from Prominent Crypto Enforcement Amid ...",
      "url": "https://www.whitecollarlawblog.com/2025/02/sec-withdraws-from-prominent-crypto-enforcement-amid-regulatory-shift/",
      "snippet": "The SEC filed its enforcement action against Coinbase in June 2023 under former-Chair Gary Gensler, alleging that the crypto platform violated ...",
      "source": "serpapi",
      "timestamp": "2025-05-03T11:56:15.754034",
      "sentiment": "neutral"
    },
    {
      "topic": "SEC ruling crypto",
      "title": "SEC Says Bitcoin is NOT a Security | Cryptocurrency Law",
      "url": "https://gordonlaw.com/learn/sec-says-bitcoin-not-security/",
      "snippet": "The U.S. Securities and Exchange Commission declared that Bitcoin is not a security. Jump in to learn more about the decision and its industry impact.",
      "source": "serpapi",
      "timestamp": "2025-05-03T11:56:15.754114",
      "sentiment": "neutral"
    },
    {
      "topic": "SEC ruling crypto",
      "title": "Cyber, Crypto Assets and Emerging Technology",
      "url": "https://www.sec.gov/about/divisions-offices/division-enforcement/cyber-crypto-assets-emerging-technology",
      "snippet": "The SEC's Crypto Task Force seeks to help the Commission provide clarity on the application of the federal securities laws to the crypto asset ...",
      "source": "serpapi",
      "timestamp": "2025-05-03T11:56:15.754194",
      "sentiment": "neutral"
    },
    {
      "topic": "SEC ruling crypto",
      "title": "SEC repeals controversial crypto accounting rules for banks",
      "url": "https://bankingjournal.aba.com/2025/01/sec-repeals-controversial-crypto-accounting-rules-for-banks/",
      "snippet": "SAB 121, published in 2022, required SEC registrants to record an obligation to safeguard the crypto assets that they hold at the fair value of ...",
      "source": "serpapi",
      "timestamp": "2025-05-03T11:56:15.754271",
      "sentiment": "positive"
    },
    {
      "topic": "court decision cryptocurrency",
      "title": "Crypto in the Courts: Five Cases Reshaping Digital Asset ...",
      "url": "https://katten.com/crypto-in-the-courts-five-cases-reshaping-digital-asset-regulation-in-2025",
      "snippet": "This article examines five cases that may define the future of digital asset regulation in the United States and sets out the issues at stake in those cases.",
      "source": "serpapi",
      "timestamp": "2025-05-03T11:56:17.461430",
      "sentiment": "neutral"
    },
    {
      "topic": "court decision cryptocurrency",
      "title": "Apple softens crypto-related app rules, 'hugely bullish' for ...",
      "url": "https://cointelegraph.com/news/apple-app-store-epic-games-restrictions-ease-court-ruling-united-states",
      "snippet": "The court ruling is \u201cabsolutely huge for crypto,\u201d says a crypto commentator, as iOS applications will no longer be hit with the hefty charge ...",
      "source": "serpapi",
      "timestamp": "2025-05-03T11:56:17.461557",
      "sentiment": "positive"
    },
    {
      "topic": "court decision cryptocurrency",
      "title": "Third Circuit Coinbase Decision Pressures SEC on Crypto ...",
      "url": "https://www.ropesgray.com/en/insights/alerts/2025/01/third-circuit-coinbase-decision-pressures-sec-on-crypto-rulemaking",
      "snippet": "Court's Findings \u00b7 The SEC's disagreement with Coinbase on the application of existing securities laws to digital assets was not well-reasoned.",
      "source": "serpapi",
      "timestamp": "2025-05-03T11:56:17.461639",
      "sentiment": "neutral"
    },
    {
      "topic": "court decision cryptocurrency",
      "title": "Cryptocurrency, Sweepstakes, and the Supreme Court",
      "url": "https://www.consumerfinancialserviceslawmonitor.com/2024/05/cryptocurrency-sweepstakes-and-the-supreme-court-a-tale-of-two-contracts/",
      "snippet": "The decision teaches a cautionary lesson that parties with multiple contracts between them must keep issues of arbitrability consistent between the contracts.",
      "source": "serpapi",
      "timestamp": "2025-05-03T11:56:17.461718",
      "sentiment": "positive"
    },
    {
      "topic": "court decision cryptocurrency",
      "title": "Court Publishes Decision on Mandatory Arbitration Provisions ...",
      "url": "https://consumerlaw.berkeley.edu/news/court-publishes-decision-mandatory-arbitration-provisions-crypto-industry-and-beyond",
      "snippet": "The opinion establishes a clear blueprint for how to successfully bring claims against abusive cryptocurrency companies for violating consumer ...",
      "source": "serpapi",
      "timestamp": "2025-05-03T11:56:17.461796",
      "sentiment": "negative"
    },
    {
      "topic": "court decision cryptocurrency",
      "title": "Crypto's court docket in 2025 is packed with big cases",
      "url": "https://www.dlnews.com/articles/regulation/crypto-court-docket-in-2025-is-packed-with-big-cases/",
      "snippet": "Some of the most important court cases facing crypto developers and companies have come from other agencies such as the US Justice Department.",
      "source": "serpapi",
      "timestamp": "2025-05-03T11:56:17.461875",
      "sentiment": "positive"
    },
    {
      "topic": "court decision cryptocurrency",
      "title": "precedential",
      "url": "https://www2.ca3.uscourts.gov/opinarch/233202p.pdf",
      "snippet": "At a minimum, the SEC claimed that a digital asset is a security, and thus subject to the federal securities laws, if it is an \u201cinvestment ...",
      "source": "serpapi",
      "timestamp": "2025-05-03T11:56:17.461951",
      "sentiment": "neutral"
    },
    {
      "topic": "gold price",
      "title": "Gold Price Charts & Historical Data - GoldPrice.org",
      "url": "https://goldprice.org/",
      "snippet": "GOLDPRICE.ORG - The No. 1 gold price site for fast loading live gold price charts in ounces, grams and kilos in every national currency in the world.",
      "source": "serpapi",
      "timestamp": "2025-05-03T11:56:19.217703",
      "sentiment": "negative"
    },
    {
      "topic": "gold price",
      "title": "Price of Gold Per Ounce | 24 Hour Spot Chart",
      "url": "https://www.kitco.com/charts/gold",
      "snippet": "Live Gold Charts and Gold Spot Price from International Gold Markets, Prices from New York, London, Hong Kong and Sydney provided by Kitco.",
      "source": "serpapi",
      "timestamp": "2025-05-03T11:56:19.217821",
      "sentiment": "neutral"
    },
    {
      "topic": "gold price",
      "title": "Live Gold Price Chart. Buy Gold Bars and Coins Online.",
      "url": "https://bullionexchanges.com/charts/gold-price",
      "snippet": "On this page, you will see our live US gold price chart. Simply select the metal or cryptocurrency from the list below to view its changes in spot price over ...",
      "source": "serpapi",
      "timestamp": "2025-05-03T11:56:19.217901",
      "sentiment": "neutral"
    },
    {
      "topic": "gold price",
      "title": "Live Gold Spot Price Chart",
      "url": "https://www.bullionvault.com/gold-price-chart.do",
      "snippet": "The spot price for 1 gram of gold in the US is $104.20 or C$143.85 in Canada. However, it's possible to track the real-time changing price of gold in either ...",
      "source": "serpapi",
      "timestamp": "2025-05-03T11:56:19.217979",
      "sentiment": "neutral"
    },
    {
      "topic": "gold price",
      "title": "Gold Price Chart. Spot and Physical ...",
      "url": "https://www.veracash.com/gold-price-and-chart",
      "snippet": "Today, the spot price for a gold ounce is \u20ac2,867.68 and US$3,242.03. The price for an ounce of GoldPremium is \u20ac2,988.12 and US$3,378.19.",
      "source": "serpapi",
      "timestamp": "2025-05-03T11:56:19.218056",
      "sentiment": "neutral"
    },
    {
      "topic": "gold price",
      "title": "Gold Price Today | Gold Spot Price Charts",
      "url": "https://www.apmex.com/gold-price",
      "snippet": "Gold Spot Price ; Gold Price Per Ounce. $3,256.99 USD, $1.50 USD ; Gold Price Per Gram. $104.71 USD, $0.05 USD ; Gold Price Per Kilo. $104,714.58 USD, $48.23 USD.",
      "source": "serpapi",
      "timestamp": "2025-05-03T11:56:19.218134",
      "sentiment": "neutral"
    },
    {
      "topic": "central bank gold reserve",
      "title": "Central Banks Gold Reserves by Country",
      "url": "https://www.gold.org/goldhub/data/gold-reserves-by-country",
      "snippet": "Gold is an important component of central bank reserves because of its safety, liquidity and return characteristics \u2013 the three key ...",
      "source": "serpapi",
      "timestamp": "2025-05-03T11:56:28.750382",
      "sentiment": "positive"
    },
    {
      "topic": "central bank gold reserve",
      "title": "Gold reserve",
      "url": "https://en.wikipedia.org/wiki/Gold_reserve",
      "snippet": "A gold reserve is the gold held by a national central bank, intended mainly as a guarantee to redeem promises to pay depositors, note holders",
      "source": "serpapi",
      "timestamp": "2025-05-03T11:56:28.750509",
      "sentiment": "neutral"
    },
    {
      "topic": "central bank gold reserve",
      "title": "Top 10 Central Bank Gold Reserves | INN",
      "url": "https://investingnews.com/daily/resource-investing/precious-metals-investing/gold-investing/top-central-bank-gold-holdings/",
      "snippet": "Global central banks own about 17 percent of all the gold ever mined, with reserves topping 37,755 metric tons (MT) at the end of 2024. They ...",
      "source": "serpapi",
      "timestamp": "2025-05-03T11:56:28.750590",
      "sentiment": "neutral"
    },
    {
      "topic": "central bank gold reserve",
      "title": "Top 10 Central Bank Gold Reserves",
      "url": "https://www.nasdaq.com/articles/top-10-central-bank-gold-reserves",
      "snippet": "Global central banks own about 17 percent of all the gold ever mined, with reserves topping 37,755 metric tons (MT) at the end of 2024.",
      "source": "serpapi",
      "timestamp": "2025-05-03T11:56:28.750668",
      "sentiment": "neutral"
    },
    {
      "topic": "central bank gold reserve",
      "title": "Central banks stay bullish on bullion in January",
      "url": "https://www.gold.org/goldhub/gold-focus/2025/03/central-banks-stay-bullish-bullion-january",
      "snippet": "The PBoC's gold holdings rose to 2,285t, or 6% of total reserves, at the end of January. The National Bank of Kazakhstan (NBK) added 4t of gold ...",
      "source": "serpapi",
      "timestamp": "2025-05-03T11:56:28.750746",
      "sentiment": "neutral"
    },
    {
      "topic": "central bank gold reserve",
      "title": "Gold Reserves - Countries - List",
      "url": "https://tradingeconomics.com/country-list/gold-reserves",
      "snippet": "This page provides values for Gold Reserves reported in several countries. The table has current values for Gold Reserves, previous releases, historical highs ...",
      "source": "serpapi",
      "timestamp": "2025-05-03T11:56:28.750824",
      "sentiment": "neutral"
    },
    {
      "topic": "central bank gold reserve",
      "title": "The Role of Gold in Central Bank Reserves | Alchemist",
      "url": "https://www.lbma.org.uk/alchemist/alchemist-110/the-role-of-gold-in-central-bank-reserves",
      "snippet": "Gold's status as a currency is therefore borne out by the fact that bullion is counted as part of a central bank's foreign exchange reserves. It is the only ...",
      "source": "serpapi",
      "timestamp": "2025-05-03T11:56:28.750905",
      "sentiment": "neutral"
    },
    {
      "topic": "trade tariffs",
      "title": "As China Looks for Way Out of U.S. Trade Deadlock ...",
      "url": "https://www.nytimes.com/2025/05/03/world/asia/us-china-tariffs-fentanyl.html",
      "snippet": "China has responded with similarly sky-high tariffs, vowing to \u201cfight to the end\u201d against what Beijing calls blackmail.",
      "source": "serpapi",
      "timestamp": "2025-05-03T11:56:31.034069",
      "sentiment": "neutral"
    },
    {
      "topic": "trade tariffs",
      "title": "Fact Sheet: President Donald J. Trump Declares National ...",
      "url": "https://www.whitehouse.gov/fact-sheets/2025/04/fact-sheet-president-donald-j-trump-declares-national-emergency-to-increase-our-competitive-edge-protect-our-sovereignty-and-strengthen-our-national-and-economic-security/",
      "snippet": "Monetary tariffs and non-monetary tariffs are two distinct types of trade barriers that governments use to regulate imports and exports. ...",
      "source": "serpapi",
      "timestamp": "2025-05-03T11:56:31.034189",
      "sentiment": "neutral"
    },
    {
      "topic": "trade tariffs",
      "title": "What are tariffs and why is Trump using them?",
      "url": "https://www.bbc.com/news/articles/cn93e12rypgo",
      "snippet": "Tariffs are a key part of the US president's political vision but economists fear a global trade war.",
      "source": "serpapi",
      "timestamp": "2025-05-03T11:56:31.034268",
      "sentiment": "neutral"
    },
    {
      "topic": "trade tariffs",
      "title": "Presidential Tariff Actions",
      "url": "https://ustr.gov/issue-areas/presidential-tariff-actions",
      "snippet": "White House Article: Tariffs Work \u2013 and President Trump's First Term Proves It. White House Article: President Trump's Bold Trade Action Draws Praise. White ...",
      "source": "serpapi",
      "timestamp": "2025-05-03T11:56:31.034346",
      "sentiment": "positive"
    },
    {
      "topic": "trade tariffs",
      "title": "China says it's open to trade talks, but high tariffs remain an ...",
      "url": "https://www.pbs.org/newshour/world/china-says-its-open-to-trade-talks-but-high-tariffs-remain-an-obstacle",
      "snippet": "It said one-sided tariffs of up to 145 percent remain an obstacle, undermining trust. \u201cThe tariff and trade wars were unilaterally initiated by ...",
      "source": "serpapi",
      "timestamp": "2025-05-03T11:56:31.034423",
      "sentiment": "negative"
    },
    {
      "topic": "trade tariffs",
      "title": "Trump tariffs live updates: China says 'door is open' to ...",
      "url": "https://finance.yahoo.com/news/live/trump-tariffs-live-updates-china-says-door-is-open-to-trade-talks-with-the-us-191201877.html",
      "snippet": "President Trump has defended the 145% tariffs on Chinese imports, claiming China \"deserves it\" and would likely absorb the costs. But those ...",
      "source": "serpapi",
      "timestamp": "2025-05-03T11:56:31.034502",
      "sentiment": "neutral"
    },
    {
      "topic": "trade tariffs",
      "title": "Trump 2.0 tariff tracker | Trade Compliance ...",
      "url": "https://www.tradecomplianceresourcehub.com/2025/04/29/trump-2-0-tariff-tracker/",
      "snippet": "Mar. 24, 2025: President Trump signed an executive order granting the Secretary of State discretion to impose a 25% tariff on imports of goods ...",
      "source": "serpapi",
      "timestamp": "2025-05-03T11:56:31.034578",
      "sentiment": "neutral"
    },
    {
      "topic": "trade tariffs",
      "title": "Regulating Imports with a Reciprocal Tariff to Rectify Trade ...",
      "url": "https://www.whitehouse.gov/presidential-actions/2025/04/regulating-imports-with-a-reciprocal-tariff-to-rectify-trade-practices-that-contribute-to-large-and-persistent-annual-united-states-goods-trade-deficits/",
      "snippet": "For example, the United States imposes a 2.5 percent tariff on passenger vehicle imports (with internal combustion engines), while the European ...",
      "source": "serpapi",
      "timestamp": "2025-05-03T11:56:31.034655",
      "sentiment": "neutral"
    },
    {
      "topic": "trade tariffs",
      "title": "Trump tariffs live updates: Trump administration quietly ...",
      "url": "https://finance.yahoo.com/news/live/trump-tariffs-live-updates-trump-administration-quietly-reaches-out-to-beijing-to-kick-off-tariff-talks-191201623.html",
      "snippet": "The goods trade gap increased 9.6% to $162 billion, the Commerce Department's Census Bureau said on Tuesday.",
      "source": "serpapi",
      "timestamp": "2025-05-03T11:56:31.034733",
      "sentiment": "neutral"
    },
    {
      "topic": "economic sanctions",
      "title": "What Are Economic Sanctions?",
      "url": "https://www.cfr.org/backgrounder/what-are-economic-sanctions",
      "snippet": "Economic sanctions are defined as the withdrawal of customary trade and financial relations for foreign- and security-policy purposes.",
      "source": "serpapi",
      "timestamp": "2025-05-03T11:56:32.543294",
      "sentiment": "neutral"
    },
    {
      "topic": "economic sanctions",
      "title": "Economic sanctions",
      "url": "https://en.wikipedia.org/wiki/Economic_sanctions",
      "snippet": "Economic sanctions or embargoes are commercial and financial penalties applied by states or institutions against states, groups, or individuals.",
      "source": "serpapi",
      "timestamp": "2025-05-03T11:56:32.543417",
      "sentiment": "neutral"
    },
    {
      "topic": "economic sanctions",
      "title": "Sanctions Programs and Country Information",
      "url": "https://ofac.treasury.gov/sanctions-programs-and-country-information",
      "snippet": "The sanctions can be either comprehensive or selective, using the blocking of assets and trade restrictions to accomplish foreign policy and national security ...",
      "source": "serpapi",
      "timestamp": "2025-05-03T11:56:32.543497",
      "sentiment": "negative"
    },
    {
      "topic": "economic sanctions",
      "title": "Economic Sanctions: An Overview",
      "url": "https://www.usitc.gov/sites/default/files/publications/332/executive_briefings/ebot_economic_sanctions_overview.pdf",
      "snippet": "Definition. Economic sanctions (hereunder, \u201csanctions\u201d) are often defined as \u201c...the deliberate, government- inspired withdrawal, or threat of withdrawal, ...",
      "source": "serpapi",
      "timestamp": "2025-05-03T11:56:32.543575",
      "sentiment": "neutral"
    },
    {
      "topic": "economic sanctions",
      "title": "Evidence on the Costs and Benefits of Economic Sanctions",
      "url": "https://www.piie.com/commentary/testimonies/evidence-costs-and-benefits-economic-sanctions",
      "snippet": "While the benefits of economic sanctions are elusive, the costs often are not. Trade sanctions deprive the United States of the gains from trade and frequently ...",
      "source": "serpapi",
      "timestamp": "2025-05-03T11:56:32.543653",
      "sentiment": "positive"
    },
    {
      "topic": "economic sanctions",
      "title": "Economic Sanctions Policy and Implementation",
      "url": "https://www.state.gov/economic-sanctions-policy-and-implementation/",
      "snippet": "The Office of Economic Sanctions Policy and Implementation (TFS/SPI) maintains and enforces sanctions to maximize their economic impact on our targets and ...",
      "source": "serpapi",
      "timestamp": "2025-05-03T11:56:32.543731",
      "sentiment": "neutral"
    },
    {
      "topic": "economic sanctions",
      "title": "US Economic Sanctions: Their Impact on Trade, Jobs, and ...",
      "url": "https://www.piie.com/publications/working-papers/us-economic-sanctions-their-impact-trade-jobs-and-wages",
      "snippet": "The OECD results suggest that extensive sanctions lower exports by 78 percent, while limited to modest sanctions reduce exports by 21 percent to 33 percent.",
      "source": "serpapi",
      "timestamp": "2025-05-03T11:56:32.543809",
      "sentiment": "neutral"
    },
    {
      "topic": "economic sanctions",
      "title": "Are Economic Sanctions Effective Foreign Policy Tools?",
      "url": "https://now.tufts.edu/2024/07/08/are-economic-sanctions-effective-foreign-policy-tools",
      "snippet": "Economic sanctions are increasingly used to try to change foreign governments policies and actions, often with unintended consequences.",
      "source": "serpapi",
      "timestamp": "2025-05-03T11:56:32.543887",
      "sentiment": "neutral"
    }
  ],
  "total_posts_analyzed": 70
}