{
  "timestamp": "2025-05-03T11:35:33.975650",
  "symbol": "solana",
  "average_sentiment_score": 0.0,
  "fear_greed_index": [
    {
      "value": 65,
      "classification": "Greed",
      "timestamp_unix": 1746230400,
      "datetime": "2025-05-03T00:00:00"
    }
  ],
  "dxy_strength_score": null,
  "macro_news_sentiment": [
    {
      "title": "UK statement on attacks against the Druze community in Syria",
      "url": "https://www.gov.uk/government/announcements",
      "country": "UK",
      "source": "government",
      "scraped_at": "2025-05-03T11:35:25.581237",
      "sentiment": "neutral"
    },
    {
      "title": "Cyber attacks are \"wake up call\" for businesses - Pat McFadden",
      "url": "https://www.gov.uk/government/announcements",
      "country": "UK",
      "source": "government",
      "scraped_at": "2025-05-03T11:35:25.581351",
      "sentiment": "neutral"
    },
    {
      "title": "Bird flu (avian influenza): latest situation in England",
      "url": "https://www.gov.uk/government/announcements",
      "country": "UK",
      "source": "government",
      "scraped_at": "2025-05-03T11:35:25.581402",
      "sentiment": "neutral"
    },
    {
      "title": "New guide helps UK ports share data to support safer navigation",
      "url": "https://www.gov.uk/government/announcements",
      "country": "UK",
      "source": "government",
      "scraped_at": "2025-05-03T11:35:25.581445",
      "sentiment": "positive"
    },
    {
      "title": "Home Secretary letter on the Neighbourhood Policing Guarantee",
      "url": "https://www.gov.uk/government/announcements",
      "country": "UK",
      "source": "government",
      "scraped_at": "2025-05-03T11:35:25.581489",
      "sentiment": "neutral"
    },
    {
      "title": "Molly Bartlet \u2013 UKRI Internship",
      "url": "https://www.gov.uk/government/announcements",
      "country": "UK",
      "source": "government",
      "scraped_at": "2025-05-03T11:35:25.581531",
      "sentiment": "neutral"
    },
    {
      "title": "Creative industries and growth boosted with new UK-India cultural agreement",
      "url": "https://www.gov.uk/government/announcements",
      "country": "UK",
      "source": "government",
      "scraped_at": "2025-05-03T11:35:25.581574",
      "sentiment": "positive"
    },
    {
      "title": "Three Trustees appointed to the Imperial War Museum",
      "url": "https://www.gov.uk/government/announcements",
      "country": "UK",
      "source": "government",
      "scraped_at": "2025-05-03T11:35:25.581616",
      "sentiment": "neutral"
    },
    {
      "title": "Dame Angela McLean's speech at the Royal Institution",
      "url": "https://www.gov.uk/government/announcements",
      "country": "UK",
      "source": "government",
      "scraped_at": "2025-05-03T11:35:25.581657",
      "sentiment": "neutral"
    },
    {
      "title": "Business review on US tariffs has concluded",
      "url": "https://www.gov.uk/government/announcements",
      "country": "UK",
      "source": "government",
      "scraped_at": "2025-05-03T11:35:25.581699",
      "sentiment": "neutral"
    }
  ],
  "total_posts_analyzed": 0
}