{
    "report_timestamp_utc": "2025-04-26T04:23:30.138099",
    "trading_symbol": "BTC/USDT",
    "exchange": "bybit",
    "timeframe": "4h",
    "generated_signal": "HOLD",
    "signal_score": -4.55,
    "contributing_factors": {
        "Technical": "Score: -1.8. Factors: RSI OB (66.9); MACD Hist - (-140.42)",
        "Sentiment": "Score: -1.5. Factors: Avg Sent Bearish (0.00)",
        "WhaleSocial": "Score: 0.3. Factors: Increased Whale Ment (10)",
        "Macro": "Score: 1.0. Factors: Bullish Macro (0.50, 4 ind)"
    },
    "data_summary": {
        "latest_technical_timestamp": "2025-04-26T04:00:00",
        "onchain_analysis_type": "fallback_coingecko",
        "onchain_sentiment": "Neutral (Fallback - CoinGecko)",
        "social_sentiment_avg": 0.0,
        "fear_greed_index": "N/A",
        "whale_social_description": "Detected 10 whale-related mentions for BTC",
        "macro_analysis_summary": "CPI Inflation: Sent=+1.00; Interest Rate: Sent=+1.00; Unemployment Rate: Sent=+0.00; Consumer Confidence Index: Sent=+0.00"
    }
}